dataset,record_id,true_label,p_include,b1_lexical_score,openalex_found,openalex_source,work_type,publication_year,metadata_score,citation_oracle_seed_score,citation_related_seed_overlap,citation_referenced_seed_overlap,citation_count_score,referenced_works_count,related_works_count,metadata_term_count
Donners_2021,https://openalex.org/W3016428066,1,0.0010962048447103099,0.06826217481044076,True,cache,letter,2020,-0.021757657292030316,4,0,4,5.0,5,10,108
Donners_2021,https://openalex.org/W2890442696,1,0.001096243648917699,0.16877965203272338,True,cache,article,2018,0.057889283797803004,5,0,5,35.0,30,10,164
Donners_2021,https://openalex.org/W2278365462,1,0.0010960806804624097,0.21955731519135563,True,cache,article,2015,0.03948757238576196,0,0,0,254.0,29,10,213
Donners_2021,https://openalex.org/W3028455363,1,0.0010962669321004305,0.18438032827386733,True,cache,article,2020,-0.024181955117144133,9,0,9,10.0,25,10,194
Donners_2021,https://openalex.org/W2906655433,0,0.0010954988477106442,0.06001298076263731,True,cache,article,2018,0.0009945882850960416,0,0,0,1.0,0,10,21
Donners_2021,https://openalex.org/W2610701591,0,0.003591184344015368,0.047832606582106856,True,cache,article,2017,0.019778276027455396,0,0,0,39.0,43,10,45
Donners_2021,https://openalex.org/W2765359511,0,0.013364182788756665,0.10534918591571399,True,cache,article,2017,0.0010587309904448033,0,0,0,0.0,0,10,47
Donners_2021,https://openalex.org/W2988935613,0,0.003591184344015368,0.043646270244276905,True,cache,review,2019,-0.020234762088754424,3,0,3,90.0,174,10,207
Donners_2021,https://openalex.org/W2986546258,0,0.0010961505211239417,0.08087023024989838,True,cache,article,2019,0.010505639796257647,0,0,0,13.0,0,10,23
Donners_2021,https://openalex.org/W3037252784,0,0.0010962669321004305,0.1132591996025346,True,cache,review,2020,-0.026751013785548394,4,0,4,28.0,111,10,364
Donners_2021,https://openalex.org/W2011766387,0,0.001096243648917699,0.1703723729620224,True,cache,article,2013,0.01846048847326069,0,0,0,319.0,51,10,115
Donners_2021,https://openalex.org/W2940425658,0,0.003591184344015368,0.045657422920752484,True,cache,article,2019,-0.007554354267466021,2,0,2,46.0,20,10,63
Donners_2021,https://openalex.org/W3142726662,0,0.001096243648917699,0.0658875224174356,True,cache,article,2020,-0.001729142447705321,0,0,0,29.0,0,10,8
Donners_2021,https://openalex.org/W2983240095,0,0.001096243648917699,-0.03415562099035118,True,cache,article,2019,-0.031320515383814355,0,0,0,3.0,0,10,68
Sep_2021,https://openalex.org/W2144529104,1,0.0015374388802028007,0.2499733680297758,True,cache,article,1999,0.027228280841890398,1,1,0,596.0,23,10,161
Sep_2021,https://openalex.org/W2789966204,1,0.020687180697951987,0.07772754341759278,True,cache,article,2018,0.046177330910388246,2,0,2,33.0,41,10,224
Sep_2021,https://openalex.org/W2983898801,1,0.0015374388802028007,0.15139677856651132,True,cache,article,2019,0.04059111211932695,0,0,0,26.0,38,10,203
Sep_2021,https://openalex.org/W1981925277,1,0.02068774358716133,0.11889821036458732,True,cache,article,2014,0.057447414772424085,1,0,1,39.0,76,10,205
Sep_2021,https://openalex.org/W1768069588,1,0.02068774358716133,0.07327899506519187,True,cache,article,2015,0.002630900804976896,7,1,6,16.0,50,10,70
Sep_2021,https://openalex.org/W2079142947,1,0.020687919493097385,0.1494883167200125,True,cache,article,2011,0.03986214962951113,5,1,4,51.0,32,10,142
Sep_2021,https://openalex.org/W2606834381,1,0.020687180697951987,0.14350833565536214,True,cache,article,2017,0.013319756437988911,2,0,2,32.0,55,10,146
Sep_2021,https://openalex.org/W2000180785,1,0.02068774358716133,0.12390787896902272,True,cache,article,2011,0.05189265698399945,3,0,3,107.0,51,10,179
Sep_2021,https://openalex.org/W2024032885,1,0.02068802503735787,0.18795384967604356,True,cache,article,2002,0.023293591697090305,1,0,1,717.0,50,10,147
Sep_2021,https://openalex.org/W1982436123,1,0.02068802503735787,0.08942407870077083,True,cache,article,2014,0.06124395758520481,2,0,2,9.0,58,10,285
Sep_2021,https://openalex.org/W2581869019,0,0.02068806021889451,0.11629431640839108,True,cache,article,2017,0.025460791348897727,1,0,1,8.0,20,10,124
Sep_2021,https://openalex.org/W2123081263,0,0.020687919493097385,0.10391030818194785,True,cache,article,2014,0.03452377311013795,0,0,0,101.0,53,10,116
Sep_2021,https://openalex.org/W2791684544,0,0.020687497321297196,0.029015899595344903,True,cache,article,2018,0.026200843016802422,0,0,0,31.0,54,10,274
Sep_2021,https://openalex.org/W2111229642,0,0.02068802503735787,0.07973943802167593,True,cache,article,2014,0.04443632386483588,0,0,0,58.0,56,10,195
Sep_2021,https://openalex.org/W2537341202,0,0.020687180697951987,0.12362922693980061,True,cache,article,2016,0.03301178793415625,0,0,0,5.0,43,10,175
Sep_2021,https://openalex.org/W2793756203,0,0.020687180697951987,0.04023386283394123,True,cache,article,2018,-0.006734183923727155,0,0,0,46.0,88,10,307
Sep_2021,https://openalex.org/W595773546,0,0.02068802503735787,0.13996762059232387,True,cache,article,2015,0.021357911530720572,1,0,1,19.0,48,10,198
Sep_2021,https://openalex.org/W2766428986,0,0.0015374388802028007,0.019394120153584226,True,cache,article,2017,0.04734665644404968,0,0,0,75.0,80,10,173
Sep_2021,https://openalex.org/W2046706409,0,0.02068802503735787,0.1356402831160053,True,cache,article,2007,0.060619119421135965,1,0,1,43.0,47,10,195
Sep_2021,https://openalex.org/W2164609613,0,0.019305342455324174,0.10240698594677133,True,cache,article,2013,0.022876488132264727,1,0,1,22.0,77,10,205
Nelson_2002,https://openalex.org/W2075822341,1,0.0328896144946762,0.08497690287457928,True,cache,article,2000,0.06671136174648351,0,0,0,21.0,21,10,403
Nelson_2002,https://openalex.org/W4244526763,1,0.017817660707140175,0.10768358310561169,True,cache,article,2000,0.06291580182139125,0,0,0,167.0,0,10,209
Nelson_2002,https://openalex.org/W2009902348,1,0.017819457317090916,0.14459614382174601,True,cache,article,2002,0.0334948776260903,2,0,2,100.0,38,10,188
Nelson_2002,https://openalex.org/W2041492652,1,0.017816263466569077,0.12354486741608423,True,cache,article,1999,0.07221436148197344,0,0,0,54.0,30,10,302
Nelson_2002,https://openalex.org/W2134182256,1,0.017815265503368094,0.14776544446193102,True,cache,article,1998,0.0845165771859507,0,0,0,17.0,28,10,191
Nelson_2002,https://openalex.org/W2027858461,1,0.017830640205018466,0.11292014309913381,True,cache,article,1997,0.0071235573193326185,0,0,0,229.0,20,10,93
Nelson_2002,https://openalex.org/W2022187355,1,0.0015374388802028007,0.17746549657090716,True,cache,article,2002,0.06034371896701693,4,0,4,361.0,24,10,198
Nelson_2002,https://openalex.org/W2045913584,1,0.017821653414604576,0.08828343311687209,True,cache,article,1995,0.09169614145781453,0,0,0,29.0,28,10,238
Nelson_2002,https://openalex.org/W2142604492,1,0.017816263466569077,0.108424696216613,True,cache,article,2001,0.003870524775624745,1,0,1,680.0,47,10,278
Nelson_2002,https://openalex.org/W2113533145,1,0.018393663525077913,0.03284326608152273,True,cache,article,2003,0.026328573293384172,3,1,2,75.0,19,10,216
Nelson_2002,https://openalex.org/W1978583360,0,0.017821653414604576,0.17430478102550195,True,cache,article,2002,0.03878407793191302,1,0,1,78.0,21,10,242
Nelson_2002,https://openalex.org/W2037099926,0,0.017814467172289652,0.09323109612990606,True,cache,article,2003,0.021399126615205058,0,0,0,963.0,29,10,292
Nelson_2002,https://openalex.org/W1974663609,0,0.017816263466569077,0.020692199605291214,True,cache,article,2001,-0.015099097575767745,0,0,0,9.0,35,10,136
Nelson_2002,https://openalex.org/W2031206742,0,0.017819457317090916,0.10849566654260977,True,cache,article,2001,0.0670323698189729,0,0,0,16.0,58,10,231
Nelson_2002,https://openalex.org/W1989688260,0,0.0015374388802028007,0.08554603587714162,True,cache,article,2000,0.025814967211330628,0,0,0,37.0,28,10,142
Nelson_2002,https://openalex.org/W2103043920,0,0.017821653414604576,0.0904326107763999,True,cache,review,2002,-0.005325304664808794,0,0,0,5.0,42,10,170
Nelson_2002,https://openalex.org/W2012205995,0,0.017814467172289652,0.15431890509451723,True,cache,article,2002,0.07744615009891456,1,0,1,54.0,32,10,224
Nelson_2002,https://openalex.org/W2133667885,0,0.017814666751768425,0.0643841036953644,True,cache,article,2002,0.01005883761846249,0,0,0,668.0,19,10,294
Nelson_2002,https://openalex.org/W1996599354,0,0.017817660707140175,0.04358554818429408,True,cache,article,1996,0.03162548486241429,0,0,0,35.0,30,10,119
Nelson_2002,https://openalex.org/W1976365229,0,0.017821653414604576,0.1234030537393,True,cache,article,2003,0.04703188695344673,0,0,0,212.0,27,10,292
van_der_Valk_2021,https://openalex.org/W2179093238,1,0.009504949286724797,0.09445566538867255,True,cache,article,2015,0.08901753339382118,0,0,0,38.0,64,10,192
van_der_Valk_2021,https://openalex.org/W2781512779,1,0.009504949286724797,0.12890462391043891,True,cache,article,2018,0.07539009306376773,0,0,0,46.0,82,10,168
van_der_Valk_2021,https://openalex.org/W2593635594,1,0.009505745341476343,0.15085453987157293,True,cache,article,2017,0.07608401984253305,8,0,8,44.0,30,10,169
van_der_Valk_2021,https://openalex.org/W1987951226,1,0.009504471685553798,0.11744681856919599,True,cache,article,2013,0.006168011452058739,2,0,2,210.0,40,10,255
van_der_Valk_2021,https://openalex.org/W2911774639,1,0.009505745341476343,0.07362666476154565,True,cache,article,2019,0.0270349462418345,0,0,0,8.0,23,10,133
van_der_Valk_2021,https://openalex.org/W2952197677,1,0.009504949286724797,0.27185013359809174,True,cache,article,2019,0.046763853688106566,1,0,1,42.0,48,10,170
van_der_Valk_2021,https://openalex.org/W3020810195,1,0.009504471685553798,0.2112249487795826,True,cache,article,2020,0.08874941025933725,1,0,1,103.0,26,10,96
van_der_Valk_2021,https://openalex.org/W2921445979,1,0.00950431249044358,0.15209313294597404,True,cache,article,2019,0.11592201128607627,0,0,0,39.0,52,10,174
van_der_Valk_2021,https://openalex.org/W2044761599,1,0.009506859929003367,0.16200072056090176,True,cache,article,2014,0.06834241955945818,4,0,4,48.0,40,10,186
van_der_Valk_2021,https://openalex.org/W2911277958,1,0.00950431249044358,0.11407470419050658,True,cache,article,2019,0.03528423982374686,4,0,4,15.0,59,10,215
van_der_Valk_2021,https://openalex.org/W2728532422,0,0.00950431249044358,0.03316265811034551,True,cache,article,2017,0.048838897923674594,0,0,0,14.0,26,10,182
van_der_Valk_2021,https://openalex.org/W2403997134,0,0.009504949286724797,0.10625332365753629,True,cache,article,2016,0.06125031203401434,0,0,0,44.0,19,10,138
van_der_Valk_2021,https://openalex.org/W2603684978,0,0.00950431249044358,0.04302231036223046,True,cache,article,2012,0.020427134328021915,0,0,0,3.0,0,10,16
van_der_Valk_2021,https://openalex.org/W2792972871,0,0.00950431249044358,0.03641747381891831,True,cache,article,2018,0.03695463706753103,0,0,0,4.0,37,10,100
van_der_Valk_2021,https://openalex.org/W2188348669,0,0.00950431249044358,0.01036664528013733,True,cache,article,2006,0.0037293437714089397,0,0,0,0.0,6,0,36
van_der_Valk_2021,https://openalex.org/W2080313127,0,0.009504949286724797,0.040062339776104565,True,cache,article,2013,0.027913823696381356,0,0,0,0.0,0,10,34
van_der_Valk_2021,https://openalex.org/W2044764304,0,0.009504949286724797,-0.023814294203357386,True,cache,article,2003,0.0075457735891765465,0,0,0,24.0,14,10,210
van_der_Valk_2021,https://openalex.org/W4245051067,0,0.00950431249044358,-0.024589944572004505,True,cache,article,2014,0.02793022060503282,0,0,0,2.0,0,10,39
van_der_Valk_2021,https://openalex.org/W1483199116,0,0.00950431249044358,0.133560363958784,True,cache,article,2015,0.07016915229811674,0,0,0,133.0,47,10,258
van_der_Valk_2021,https://openalex.org/W3025428317,0,0.009510045177493565,0.17723284966397793,True,cache,article,2020,0.03265344687430944,0,0,0,8.0,48,10,42
Meijboom_2021,https://openalex.org/W3089681955,1,0.010619104359439876,0.3226772387016277,True,cache,article,2020,0.053038543209230654,5,0,5,21.0,49,10,200
Meijboom_2021,https://openalex.org/W2764082441,1,0.010614541255234136,0.18724214614938797,True,cache,article,2017,0.049827932723311846,1,0,1,75.0,30,10,171
Meijboom_2021,https://openalex.org/W2911287680,1,0.010617887342089538,0.15605675378211087,True,cache,article,2019,0.03620230035810537,0,0,0,26.0,15,10,192
Meijboom_2021,https://openalex.org/W2792122651,1,0.010619104359439876,0.19069615966429623,True,cache,article,2018,0.09052222791940613,1,0,1,20.0,13,10,421
Meijboom_2021,https://openalex.org/W3127592492,1,0.010619104359439876,0.22610082359725708,True,cache,article,2021,0.03625977973905592,0,0,0,35.0,30,10,123
Meijboom_2021,https://openalex.org/W3048797834,1,0.010615940401073774,0.11296990621619282,True,cache,article,2020,0.06368337385551043,1,0,1,15.0,14,10,165
Meijboom_2021,https://openalex.org/W2913890755,1,0.01061823891072029,0.11072693198330669,True,cache,article,2019,0.049112261456623826,3,1,2,8.0,15,10,270
Meijboom_2021,https://openalex.org/W3093730414,1,0.010617481700273249,0.10032687765417261,True,cache,article,2020,0.029229135679924162,0,0,0,14.0,27,10,151
Meijboom_2021,https://openalex.org/W2898096328,1,0.01061823891072029,0.07495552290744165,True,cache,article,2018,0.03123404335411184,2,0,2,14.0,15,10,56
Meijboom_2021,https://openalex.org/W2774116866,1,0.010617481700273249,0.23530348053586453,True,cache,article,2017,0.07832825558008555,2,0,2,70.0,40,10,207
Meijboom_2021,https://openalex.org/W2531216194,0,0.010619104359439876,0.03606004126345916,True,cache,review,2016,-0.014932418383088245,1,0,1,91.0,82,10,139
Meijboom_2021,https://openalex.org/W2549378917,0,0.010619212545430941,0.028076716714597404,True,cache,letter,2016,-0.04667556406777264,0,0,0,8.0,34,10,119
Meijboom_2021,https://openalex.org/W2985840482,0,0.010618969128482586,0.050451207222182576,True,cache,article,2019,-0.0028605604072199156,0,0,0,0.0,0,10,48
Meijboom_2021,https://openalex.org/W2917800966,0,0.010618779808001376,0.043861500572160976,True,cache,review,2017,-0.025534737641973254,0,0,0,270.0,62,10,322
Meijboom_2021,https://openalex.org/W2310313429,0,0.010619185498831075,0.05766362985453888,True,cache,article,2016,0.014398797851281536,0,0,0,11.0,29,10,62
Meijboom_2021,https://openalex.org/W3000887545,0,0.010619104359439876,-0.006883564862196706,True,cache,article,2019,-0.00653444277017589,0,0,0,2.0,3,10,52
Meijboom_2021,https://openalex.org/W2938370322,0,0.010619104359439876,0.0,True,cache,article,2019,-0.02527847971399433,0,0,0,2.0,3,10,91
Meijboom_2021,https://openalex.org/W2480851940,0,0.010619104359439876,0.11052595701913608,True,cache,review,2016,0.020241745989547172,2,0,2,56.0,35,10,194
Meijboom_2021,https://openalex.org/W2889381861,0,0.010619212545430941,-0.0354798964887639,True,cache,article,2018,-0.02882293473624284,0,0,0,21.0,5,10,170
Meijboom_2021,https://openalex.org/W2117722893,0,0.010618779808001376,0.0037954830904315326,True,cache,article,2013,0.0005031705606704517,0,0,0,37.0,79,10,86
Oud_2018,https://openalex.org/W2096356290,1,0.0013111965229425373,0.1767418773942243,True,cache,article,2006,0.03136230461297157,1,0,1,1247.0,53,10,191
Oud_2018,https://openalex.org/W2002268935,0,0.01288513209619626,0.03509003132137451,True,cache,article,2012,0.0037357264804650098,0,0,0,14.0,44,10,61
Oud_2018,https://openalex.org/W2068470537,0,0.012885241197021636,-0.027834959291159568,True,cache,review,2014,-0.012395398596888638,1,0,1,106.0,83,10,171
Oud_2018,https://openalex.org/W1994796287,0,0.012884804799165997,0.0035904094621442284,True,cache,article,2012,0.016230690167089404,0,0,0,1.0,0,10,46
Oud_2018,https://openalex.org/W2187271559,0,0.01288513209619626,-0.014784408715821262,True,cache,review,2015,-0.013601418836014345,0,0,0,77.0,56,10,197
Oud_2018,https://openalex.org/W1969321104,0,0.012885241197021636,-0.02243539469831151,True,cache,article,2008,-0.04151637248937305,0,0,0,237.0,38,10,198
Oud_2018,https://openalex.org/W2061352725,0,0.003079213361818003,0.04620917487897778,True,cache,article,2008,-0.019810059897573368,1,0,1,78.0,72,10,237
Oud_2018,https://openalex.org/W61611410,0,0.01288513209619626,0.013523351429847938,True,cache,article,1982,-0.010190628496358364,0,0,0,76.0,0,10,145
Oud_2018,https://openalex.org/W1994404107,0,0.012884804799165997,0.0196325518872976,True,cache,article,2004,0.016978134300947814,4,0,4,341.0,133,10,59
Oud_2018,https://openalex.org/W2002091110,0,0.012885241197021636,-0.04241461470324706,True,cache,article,1979,-0.05495224354629345,0,0,0,33.0,29,10,172
Oud_2018,https://openalex.org/W2328956903,0,0.012885241197021636,0.11247865810846902,True,cache,article,2015,0.030997616377535064,0,0,0,23.0,46,10,173
Menon_2022,https://openalex.org/W2999401301,1,0.053695270063885914,0.06985695923961223,True,cache,review,2020,-0.011832392571720127,0,0,0,104.0,48,10,147
Menon_2022,https://openalex.org/W3017013680,1,0.010802044006220904,0.1350260620483712,False,cache,,,nan,nan,,,nan,,,
Menon_2022,https://openalex.org/W3008143010,1,0.0536893620356352,0.1333496034425622,True,cache,review,2020,0.022680445145804695,1,1,0,64.0,85,10,121
Menon_2022,https://openalex.org/W3006585406,1,0.0536893620356352,0.07910664651992763,True,cache,review,2020,0.042538001116724095,0,0,0,45.0,130,10,185
Menon_2022,https://openalex.org/W2985765771,1,0.010805601651876974,0.1218674097023619,True,cache,review,2019,0.004239656632142291,0,0,0,31.0,53,10,175
Menon_2022,https://openalex.org/W3014686162,1,0.0536893620356352,0.099720284590788,True,cache,review,2020,-0.013869949483578024,0,0,0,16.0,79,10,191
Menon_2022,https://openalex.org/W3012247440,1,0.0536893620356352,0.16764949212894148,True,cache,review,2020,0.032339905121666554,0,0,0,34.0,72,10,131
Menon_2022,https://openalex.org/W3020494631,1,0.010805148796336931,0.030605081225168612,True,cache,review,2020,-0.024642483957988418,0,0,0,15.0,27,10,141
Menon_2022,https://openalex.org/W2985113252,1,0.05367862173333743,0.0738467281023091,True,cache,review,2019,-0.024281563208927354,0,0,0,62.0,63,10,106
Menon_2022,https://openalex.org/W2989222914,1,0.010802044006220904,0.13518274033760613,True,cache,review,2019,0.019080117079911585,0,0,0,23.0,90,10,103
Menon_2022,https://openalex.org/W3010885793,0,0.010803855026658617,0.11331511420551976,True,cache,review,2020,0.02830202308420355,0,0,0,10.0,53,10,169
Menon_2022,https://openalex.org/W2996818840,0,0.010806119224018114,0.07842863115858491,True,cache,review,2019,-0.004052375640791597,0,0,0,24.0,85,10,174
Menon_2022,https://openalex.org/W3020263606,0,0.010806119224018114,0.03545330705655632,True,cache,review,2020,-0.07142195692179416,0,0,0,15.0,49,10,174
Menon_2022,https://openalex.org/W3018612201,0,0.010806119224018114,0.06158253246084232,True,cache,review,2020,-0.0469138745815166,0,0,0,25.0,47,10,169
Menon_2022,https://openalex.org/W3024115300,0,0.010805148796336931,0.026957886835569426,True,cache,review,2020,-0.07876156086035924,0,0,0,90.0,48,10,185
Menon_2022,https://openalex.org/W2961806271,0,0.0536893620356352,0.07250889110788324,True,cache,review,2019,-0.026257450179453856,0,0,0,29.0,56,10,184
Menon_2022,https://openalex.org/W3013064054,0,0.010803855026658617,0.15890136829783358,True,cache,review,2020,-0.006280161263070752,0,0,0,48.0,33,10,212
Menon_2022,https://openalex.org/W3033415599,0,0.010806119224018114,0.08120003742370871,True,cache,article,2020,-0.0014601369543734213,0,0,0,14.0,108,10,59
Menon_2022,https://openalex.org/W3019024509,0,0.010806119224018114,0.07402985147208865,True,cache,review,2020,-0.0610402993593559,0,0,0,123.0,66,10,188
Menon_2022,https://openalex.org/W3000312615,0,0.010806119224018114,0.10953263531161815,True,cache,review,2020,0.00740588897764527,0,0,0,196.0,50,10,114
Jeyaraman_2020,https://openalex.org/W2990325718,1,0.020210683290034316,0.2897383994691467,True,cache,article,2019,0.0765538490405844,4,0,4,28.0,54,10,228
Jeyaraman_2020,https://openalex.org/W2295571328,1,0.020210875114821863,0.22004927235731453,True,cache,article,2016,0.026109662262890104,2,0,2,23.0,43,10,328
Jeyaraman_2020,https://openalex.org/W2009786866,1,0.02020857333449669,0.054706849597481816,True,cache,article,2010,0.011741830342972798,4,0,4,8.0,33,10,74
Jeyaraman_2020,https://openalex.org/W2196967344,1,0.020211028575929012,0.16476887813165253,True,cache,article,2012,0.05454178667321888,4,0,4,207.0,45,10,301
Jeyaraman_2020,https://openalex.org/W2055110769,1,0.020210875114821863,0.08495110303074109,True,cache,article,2010,0.0374802577992506,5,0,5,397.0,35,10,172
Jeyaraman_2020,https://openalex.org/W2904714324,1,0.020210875114821863,0.15717944989153879,True,cache,article,2018,0.037737569609729085,2,0,2,48.0,32,10,176
Jeyaraman_2020,https://openalex.org/W2025577300,1,0.0202109902105458,0.08597993404757327,True,cache,article,2009,0.03128598092119114,3,0,3,194.0,42,10,223
Jeyaraman_2020,https://openalex.org/W2079333649,1,0.020210875114821863,0.1009692200746311,True,cache,article,2008,0.028190931560580765,0,0,0,115.0,41,10,229
Jeyaraman_2020,https://openalex.org/W2509439226,1,0.020210414738312022,0.13443441442877385,True,cache,article,2016,0.06927690239943829,0,0,0,53.0,28,10,230
Jeyaraman_2020,https://openalex.org/W2133096089,1,0.020211028575929012,0.12585786798963067,True,cache,article,2005,0.05483338712384986,2,0,2,573.0,36,10,270
Jeyaraman_2020,https://openalex.org/W2603885910,0,0.020210414738312022,0.1612289132550439,True,cache,article,2017,0.03615527796764023,3,0,3,39.0,12,10,70
Jeyaraman_2020,https://openalex.org/W2098557080,0,0.020211028575929012,0.061158040421299076,True,cache,article,2006,0.058207775534500926,0,0,0,72.0,40,10,117
Jeyaraman_2020,https://openalex.org/W2905952677,0,0.020211028575929012,0.04257575673674183,True,cache,article,2018,-0.017050933417070258,0,0,0,15.0,0,10,138
Jeyaraman_2020,https://openalex.org/W2086394725,0,0.019712931746511297,0.17300033584749905,True,cache,article,2013,0.06950329993976148,1,0,1,98.0,51,10,227
Jeyaraman_2020,https://openalex.org/W2934397008,0,0.020211028575929012,0.1036942240198675,True,cache,article,2019,0.010440188877619036,0,0,0,10.0,28,10,176
Jeyaraman_2020,https://openalex.org/W2944966022,0,0.020210414738312022,0.05801628006805938,True,cache,article,2019,0.015907039942579512,1,0,1,17.0,6,10,71
Jeyaraman_2020,https://openalex.org/W2769942584,0,0.020210875114821863,0.07079792178239634,True,cache,article,2017,0.05052194617514657,1,0,1,35.0,30,10,166
Jeyaraman_2020,https://openalex.org/W2015570933,0,0.020210414738312022,0.06804645318991037,True,cache,article,2006,0.042769724737683104,3,0,3,32.0,31,10,126
Jeyaraman_2020,https://openalex.org/W2101759648,0,0.020210414738312022,0.005736429998752849,True,cache,review,2013,0.029469927338833232,0,0,0,159.0,119,10,161
Jeyaraman_2020,https://openalex.org/W3152811302,0,0.0202109902105458,0.004849193959291009,True,cache,article,2021,0.02819214345834132,0,0,0,23.0,60,10,67
Chou_2004,https://openalex.org/W2013721829,1,0.0019465708655086271,0.07316059548744912,True,cache,article,1994,-0.039735865529655315,0,0,0,341.0,35,10,51
Chou_2004,https://openalex.org/W2146359394,1,0.0019477594707593335,0.025957870232387062,True,cache,article,1994,-0.03845575855966563,0,0,0,136.0,0,10,167
Chou_2004,https://openalex.org/W2028987665,1,0.0019477743328962813,0.004982886631564869,True,cache,article,2000,-0.04578032260060441,0,0,0,60.0,9,10,191
Chou_2004,https://openalex.org/W2036517832,1,0.0007953087362903389,-0.02781389926597989,True,cache,article,1994,-0.008178936085549315,0,0,0,126.0,0,10,131
Chou_2004,https://openalex.org/W15533634,1,0.0019477594707593335,0.026331930582367723,True,cache,review,1998,-0.030938713614326416,0,0,0,26.0,0,10,198
Chou_2004,https://openalex.org/W1508296484,1,0.0019477594707593335,-0.0009294464117191835,True,cache,article,2001,-0.025615619888650014,0,0,0,30.0,0,10,110
Chou_2004,https://openalex.org/W2070011903,1,0.0019477148850258258,0.028414430599437372,True,cache,article,2002,-0.01831464870681368,2,1,1,136.0,39,10,143
Chou_2004,https://openalex.org/W2013386935,0,0.0019477594707593335,-0.04439077343578682,True,cache,review,2003,-0.026860144696120046,0,0,0,36.0,18,10,133
Chou_2004,https://openalex.org/W1984191820,0,0.0019477594707593335,0.058776142950077395,True,cache,article,1999,0.00965092032873438,0,0,0,68.0,0,10,321
Chou_2004,https://openalex.org/W2277312589,0,0.0019477743328962813,-0.0854689295328685,True,cache,review,1997,-0.08235020463555616,0,0,0,42.0,0,10,143
Chou_2004,https://openalex.org/W4245251215,0,0.0007961302320980835,0.01471669205308769,True,cache,review,2001,-0.02717345173143,0,0,0,5.0,33,10,96
Chou_2004,https://openalex.org/W1998116954,0,0.001947536552251405,-0.006092124647678592,True,cache,letter,1999,-0.026289893271642502,0,0,0,10.0,6,10,116
Chou_2004,https://openalex.org/W1982885807,0,0.0019477743328962813,-0.05092923788634225,True,cache,article,1997,-0.022579765718991715,0,0,0,28.0,21,10,196
Chou_2004,https://openalex.org/W2018569432,0,0.0019477148850258258,0.003721994109098415,True,cache,editorial,2001,-0.0027724098828863647,0,0,0,1.0,0,10,78
Chou_2004,https://openalex.org/W72436669,0,0.0019477743328962813,-0.02415217943284181,True,cache,article,1997,-0.009716861136289168,0,0,0,156.0,0,10,196
Chou_2004,https://openalex.org/W2004951475,0,0.0015374388802028007,0.006641210711992689,True,cache,article,1994,-0.03473559430570243,0,0,0,6.0,15,10,138
Chou_2004,https://openalex.org/W2440605014,0,0.0019477743328962813,-0.0007550699249774346,True,cache,article,2001,-0.006343769400832526,0,0,0,0.0,45,10,161
Chou_2003,https://openalex.org/W2052993135,1,0.010558751535382528,0.37737738051663006,True,cache,article,1999,0.0429550825526856,3,0,3,134.0,9,10,198
Chou_2003,https://openalex.org/W2472926247,1,0.010558751535382528,-0.016302299372312257,True,cache,article,2003,-0.02872938696883348,0,0,0,68.0,22,10,236
Chou_2003,https://openalex.org/W2132469876,1,0.010558692632332584,0.06731735389805915,True,cache,review,2001,0.04279225386972406,0,0,0,621.0,177,10,172
Chou_2003,https://openalex.org/W2084152520,1,0.010558692632332584,0.2971825672649215,True,cache,article,2003,0.014402722181599548,3,0,3,148.0,63,10,245
Chou_2003,https://openalex.org/W2290133626,1,0.010558692632332584,0.29862273141256684,True,cache,article,1999,0.03364363112850324,0,0,0,220.0,0,10,265
Chou_2003,https://openalex.org/W2062755530,1,0.0008193226114803461,0.02653468867947569,True,cache,article,2002,0.006543843250883669,0,0,0,39.0,0,10,248
Chou_2003,https://openalex.org/W2117950925,1,0.010558782389490338,0.3210337056180278,True,cache,article,2001,-0.012496567723623259,3,0,3,302.0,46,10,205
Chou_2003,https://openalex.org/W2007733326,0,0.010558681412740743,0.050678922401637294,True,cache,article,2002,0.003311577561155632,0,0,0,113.0,18,10,218
Chou_2003,https://openalex.org/W2019569027,0,0.010558684217637615,-0.021396803388671143,True,cache,article,1996,-0.03489467187306157,0,0,0,81.0,15,10,242
Chou_2003,https://openalex.org/W2075716831,0,0.010558684217637615,0.08095070116046338,True,cache,article,1999,0.018455552076593024,0,0,0,241.0,11,10,214
Chou_2003,https://openalex.org/W2335579371,0,0.010558692632332584,0.02559577818843608,True,cache,article,1997,0.02619630872992912,0,0,0,68.0,30,10,210
Chou_2003,https://openalex.org/W2216586479,0,0.010558681412740743,0.023113498361174944,True,cache,article,1996,-0.023409788510454332,0,0,0,19.0,3,10,60
Chou_2003,https://openalex.org/W2171652630,0,0.010558681412740743,0.0517548453678736,True,cache,article,2001,-0.05619014212246,0,0,0,10.0,84,10,162
Chou_2003,https://openalex.org/W4243305461,0,0.010558684217637615,-0.025991958299829473,True,cache,article,2001,-0.01519527742604234,0,0,0,10.0,23,10,44
Chou_2003,https://openalex.org/W2402661466,0,0.010558681412740743,0.04440622035465305,True,cache,article,1996,0.0025359177001042787,0,0,0,13.0,15,10,43
Chou_2003,https://openalex.org/W2155596369,0,0.010558681412740743,0.0625218108239951,True,cache,article,1995,0.018931600409124213,0,0,0,111.0,7,10,252
Chou_2003,https://openalex.org/W2077990975,0,0.010558782389490338,0.05503604945760695,True,cache,letter,2003,-0.0022299247112878007,0,0,0,61.0,10,10,109
van_der_Waal_2022,https://openalex.org/W2754495680,1,0.015862382710772456,0.19520928663510267,True,cache,article,2017,-0.025208391252021206,1,0,1,33.0,31,10,176
van_der_Waal_2022,https://openalex.org/W1978275750,1,0.0010900723220077725,0.19508423937791303,True,cache,article,2015,0.010319381078478795,0,0,0,21.0,42,10,152
van_der_Waal_2022,https://openalex.org/W2565759034,1,0.015861998615439184,0.1806552727391792,True,cache,article,2016,0.050076546274484185,1,0,1,32.0,36,10,255
van_der_Waal_2022,https://openalex.org/W1981637939,1,0.0010900723220077725,0.16460742328023742,True,cache,article,2014,0.06577874592613792,0,0,0,63.0,33,10,135
van_der_Waal_2022,https://openalex.org/W1990677988,1,0.029788572334966887,0.093876820343639,True,cache,article,2013,0.028053682647156547,0,0,0,79.0,36,10,215
van_der_Waal_2022,https://openalex.org/W1514161468,1,0.015862382710772456,0.23638987562645356,True,cache,article,2013,-0.019386760035562084,0,0,0,46.0,41,10,127
van_der_Waal_2022,https://openalex.org/W2029503514,0,0.01586228668609396,0.16127729618105344,True,cache,article,2009,0.012907885673843045,0,0,0,57.0,14,10,275
van_der_Waal_2022,https://openalex.org/W2887809138,0,0.01586084638353657,0.02865758940719674,True,cache,article,2018,-0.01238643848074291,0,0,0,107.0,62,10,79
van_der_Waal_2022,https://openalex.org/W1934374913,0,0.015862382710772456,-0.009065043085231476,True,cache,review,2015,0.0017690405707579057,0,0,0,25.0,16,10,321
van_der_Waal_2022,https://openalex.org/W2093194558,0,0.01586228668609396,-0.015327091282225539,True,cache,review,2008,-0.026679065122243814,0,0,0,296.0,90,10,149
van_der_Waal_2022,https://openalex.org/W2768895481,0,0.015861782565776097,0.1161011151651411,True,cache,review,2017,0.036688007768920436,0,0,0,54.0,37,10,153
van_der_Waal_2022,https://openalex.org/W3003134945,0,0.015862166656038196,0.05832439882616929,True,cache,article,2020,-0.003000809013642594,0,0,0,55.0,55,10,192
van_der_Waal_2022,https://openalex.org/W2029482052,0,0.015862166656038196,0.013362654706388841,True,cache,article,2015,0.014054627135841519,0,0,0,10.0,53,10,115
van_der_Waal_2022,https://openalex.org/W3032267780,0,0.015862382710772456,0.010593796936046,True,cache,article,2020,0.010955007627578865,0,0,0,42.0,66,10,33
van_der_Waal_2022,https://openalex.org/W3097490979,0,0.015862382710772456,-0.020712709175301332,True,cache,article,2020,-0.02310484865298544,0,0,0,45.0,29,10,183
van_der_Waal_2022,https://openalex.org/W2980875203,0,0.015862358704550012,0.18313998834642456,True,cache,article,2019,0.020647797589696038,0,0,0,13.0,21,10,108
Smid_2020,https://openalex.org/W1984862890,1,0.028737086792897597,0.05534978553826274,True,cache,article,2000,-0.018625558041563864,0,0,0,199.0,20,10,63
Smid_2020,https://openalex.org/W1971638368,1,0.011614062202975253,0.09672862913520255,True,cache,article,2012,-0.0024844867614727817,0,0,0,38.0,29,10,82
Smid_2020,https://openalex.org/W2755730676,1,0.00135355083697544,0.21784168880918142,True,cache,article,2017,0.010346181132290397,4,0,4,127.0,47,10,97
Smid_2020,https://openalex.org/W2166224031,0,0.0013535801377396936,0.06646878318336023,True,cache,article,2014,0.004456316322264509,0,0,0,14.0,60,10,59
Smid_2020,https://openalex.org/W2587597800,0,0.0013535057601107886,0.0611547448899665,True,cache,article,2017,0.012881954199890952,0,0,0,12.0,37,10,37
Smid_2020,https://openalex.org/W1880117134,0,0.0013534787147100656,0.07020758914262563,True,cache,article,2008,0.06832665194189022,0,0,0,64.0,39,10,84
Smid_2020,https://openalex.org/W2002164054,0,0.0013535801377396936,0.07974432179796895,True,cache,article,2012,0.05057183676812323,0,0,0,16.0,41,10,71
Smid_2020,https://openalex.org/W1973443859,0,0.0013534787147100656,0.07420569075041743,True,cache,article,2003,0.024448954825672074,0,0,0,114.0,28,10,70
Smid_2020,https://openalex.org/W2101826094,0,0.03302223078638233,0.09051064169794906,True,cache,article,2011,0.014832122829019107,0,0,0,37.0,105,10,89
Smid_2020,https://openalex.org/W2016377072,0,0.0013535057601107886,-0.030674217976918133,True,cache,article,1972,-0.021510421071101446,0,0,0,4849.0,35,10,89
Smid_2020,https://openalex.org/W2034712399,0,0.0013534787147100656,0.05053866355482847,True,cache,article,1989,-0.0027475830706767818,0,0,0,171.0,14,10,53
Smid_2020,https://openalex.org/W2314370049,0,0.001353526044514753,0.11054139960363336,True,cache,article,2007,-0.007560541852020972,0,0,0,32.0,44,10,54
Smid_2020,https://openalex.org/W2019605848,0,0.0013534787147100656,0.19515154777087232,True,cache,article,2009,0.00824313889425174,0,0,0,230.0,58,10,147
Muthu_2021,https://openalex.org/W2314625554,1,0.01099973745025532,0.112821961774886,True,cache,article,2015,0.027312524187190046,0,0,0,36.0,50,10,79
Muthu_2021,https://openalex.org/W1971967018,1,0.011030627993492921,0.04152755707074484,True,cache,article,2014,0.03143328311511201,0,0,0,2.0,6,10,205
Muthu_2021,https://openalex.org/W2569136341,1,0.011024001369941862,0.04819467659366191,True,cache,article,2016,0.0065204050723177,0,0,0,0.0,0,10,87
Muthu_2021,https://openalex.org/W2011922368,1,0.01102952328294614,0.0667827824595374,True,cache,review,2013,0.013669246199871352,6,0,6,76.0,42,10,197
Muthu_2021,https://openalex.org/W2326387656,1,0.01102952328294614,0.0372225089100574,True,cache,article,2016,-0.0013755589391207107,0,0,0,23.0,39,10,246
Muthu_2021,https://openalex.org/W2982681481,1,0.01102952328294614,0.06852594018105916,True,cache,article,2018,0.007028435101072941,0,0,0,16.0,24,10,245
Muthu_2021,https://openalex.org/W2057373596,1,0.011027314189764922,0.06215475606022709,True,cache,article,2015,0.013840426558851093,0,0,0,20.0,20,10,254
Muthu_2021,https://openalex.org/W1943622456,1,0.011030627993492921,0.056507024747292675,True,cache,article,2015,-0.006025016775017933,0,0,0,34.0,29,10,243
Muthu_2021,https://openalex.org/W2035935211,1,0.01103021371422995,0.0642222122699623,True,cache,article,2006,0.023759920497381716,0,0,0,154.0,39,10,228
Muthu_2021,https://openalex.org/W2327406862,1,0.01103021371422995,0.06481084272254023,True,cache,article,2015,0.018725485823491907,0,0,0,65.0,41,10,288
Muthu_2021,https://openalex.org/W1989096197,0,0.011030766089995892,0.02223131247921691,True,cache,article,2000,0.011534514780090939,0,0,0,139.0,40,10,239
Muthu_2021,https://openalex.org/W2083897660,0,0.011030766089995892,0.03912284491360403,True,cache,article,2013,0.005255573570267409,0,0,0,82.0,30,10,281
Muthu_2021,https://openalex.org/W2162691489,0,0.011030766089995892,0.02089568945148359,True,cache,article,2001,0.010428274435147898,0,0,0,23.0,11,10,127
Muthu_2021,https://openalex.org/W2299328516,0,0.011027314189764922,0.10312088003260252,True,cache,article,2002,-0.0034959969004319524,0,0,0,15.0,0,10,223
Muthu_2021,https://openalex.org/W1979961426,0,0.011030766089995892,0.02610649976793598,True,cache,article,2014,-0.00044665597100876364,0,0,0,71.0,21,10,130
Muthu_2021,https://openalex.org/W2034473400,0,0.011030766089995892,0.03063352782027473,True,cache,article,2005,0.00017734672124286588,0,0,0,102.0,29,10,205
Muthu_2021,https://openalex.org/W1992077449,0,0.01102952328294614,0.0007403091772680212,True,cache,article,2011,-0.006658548940621886,0,0,0,38.0,53,10,207
Muthu_2021,https://openalex.org/W2048534628,0,0.011028556750877789,0.005171539959902775,True,cache,article,2001,0.0084572492133963,0,0,0,44.0,11,10,102
Muthu_2021,https://openalex.org/W2168733054,0,0.011021931357325734,0.07468022779663733,True,cache,article,2003,-0.0056506917931384015,1,0,1,127.0,22,10,200
Muthu_2021,https://openalex.org/W1991103143,0,0.011030766089995892,0.0004632011416079197,True,cache,article,2004,-0.019296537483059838,0,0,0,172.0,32,10,140
Appenzeller-Herzog_2019,https://openalex.org/W1534330089,1,0.011226392519145943,0.12799047529027632,True,cache,article,2012,0.04950876979375761,2,0,2,18.0,28,10,218
Appenzeller-Herzog_2019,https://openalex.org/W2141060691,1,0.011226462129407814,0.1762447492129749,True,cache,article,2006,0.05341614286578063,0,0,0,619.0,36,10,260
Appenzeller-Herzog_2019,https://openalex.org/W122745426,1,0.0009340159665856807,0.03096072053571653,True,cache,article,1973,0.03976614647221511,0,0,0,31.0,0,10,134
Appenzeller-Herzog_2019,https://openalex.org/W2161382529,1,0.011226462129407814,0.10643934433348956,True,cache,article,2009,0.03917161423035359,1,0,1,53.0,34,10,146
Appenzeller-Herzog_2019,https://openalex.org/W2906450930,1,0.011226392519145943,0.13061391199604852,True,cache,article,2018,0.021299325687095555,0,0,0,16.0,0,10,167
Appenzeller-Herzog_2019,https://openalex.org/W1563368366,1,0.012306440918273572,0.054516869884037075,True,cache,article,2010,0.04276809383612473,3,0,3,144.0,35,10,311
Appenzeller-Herzog_2019,https://openalex.org/W2015443313,1,0.011226895269454504,0.07097310718114772,True,cache,article,2010,0.03835222217413799,3,0,3,60.0,32,10,264
Appenzeller-Herzog_2019,https://openalex.org/W2415851885,1,0.011226299706123108,0.05596392448922997,True,cache,review,1968,0.03317803457872677,0,0,0,12.0,59,10,173
Appenzeller-Herzog_2019,https://openalex.org/W2026996728,1,0.01122720466525379,0.12874125507386602,True,cache,article,2004,0.02081949582335088,0,0,0,59.0,0,10,168
Appenzeller-Herzog_2019,https://openalex.org/W1525689595,1,0.011226299706123108,0.2666990052124757,True,cache,article,2015,0.01341426974725106,6,0,6,153.0,43,10,188
Appenzeller-Herzog_2019,https://openalex.org/W1988934234,0,0.011227042231414755,0.17009923156940593,True,cache,article,1991,0.05032714036456226,0,0,0,305.0,27,10,148
Appenzeller-Herzog_2019,https://openalex.org/W2471191767,0,0.011226299706123108,0.03336169831821889,True,cache,article,1998,-0.0029662947662346395,0,0,0,0.0,0,10,168
Appenzeller-Herzog_2019,https://openalex.org/W1966598746,0,0.011226392519145943,0.06347489465800493,True,cache,article,2013,0.044594784168637214,2,0,2,16.0,17,10,181
Appenzeller-Herzog_2019,https://openalex.org/W2403776002,0,0.011226268768616375,-0.060248866933097146,True,cache,article,1993,-0.02616764258252948,0,0,0,1.0,0,10,161
Appenzeller-Herzog_2019,https://openalex.org/W2398046618,0,0.011226338378124331,0.035994807245834495,True,cache,article,1984,0.006512495219885457,0,0,0,1.0,0,10,133
Appenzeller-Herzog_2019,https://openalex.org/W2783985141,0,0.011226268768616375,0.022478617462957116,True,cache,review,2018,-0.024901838159816947,0,0,0,174.0,136,10,190
Appenzeller-Herzog_2019,https://openalex.org/W2049681146,0,0.011226268768616375,-0.02264647039690056,True,cache,review,2005,-0.012325312233226915,0,0,0,289.0,65,10,304
Appenzeller-Herzog_2019,https://openalex.org/W2140078554,0,0.01122720466525379,0.06337306887135835,True,cache,article,2009,0.020503500862207334,0,0,0,64.0,69,10,127
Appenzeller-Herzog_2019,https://openalex.org/W2101940067,0,0.011226338378124331,0.15839437193084788,True,cache,article,2002,0.03786673136316163,0,0,0,14.0,2,10,90
Appenzeller-Herzog_2019,https://openalex.org/W253822838,0,0.011226299706123108,-0.0021141661917294177,True,cache,article,1984,-0.010393650319928525,0,0,0,51.0,0,10,128
Wolters_2018,https://openalex.org/W2084970815,1,0.005036240000618107,0.18483550781579167,True,cache,article,2006,-0.026748129215261124,0,0,0,292.0,56,10,208
Wolters_2018,https://openalex.org/W2137736331,1,0.005033599194317003,0.1585606299091886,True,cache,article,2013,0.015220267842335253,0,0,0,28.0,40,10,189
Wolters_2018,https://openalex.org/W180957169,1,0.005033599194317003,0.08929474947479377,True,cache,article,2003,0.007140772985175264,0,0,0,18.0,0,10,194
Wolters_2018,https://openalex.org/W2051064550,1,0.005033423188977715,0.13527824867865684,True,cache,article,2011,0.025002867782225047,1,0,1,356.0,39,10,218
Wolters_2018,https://openalex.org/W2074874117,1,0.005035007454888666,0.13798250950960878,True,cache,article,2015,0.03082659555005801,1,0,1,163.0,53,10,185
Wolters_2018,https://openalex.org/W2167487379,1,0.005033599194317003,0.2393175521381809,True,cache,article,2004,0.04251805533205197,0,0,0,531.0,56,10,211
Wolters_2018,https://openalex.org/W2201563543,1,0.005037825138055477,0.03496953899957017,True,cache,article,2015,-0.015843977572235116,1,0,1,3.0,14,10,28
Wolters_2018,https://openalex.org/W842083477,1,0.005036240000618107,0.21240481633309255,True,cache,article,2015,0.02645814719621059,1,0,1,63.0,42,10,347
Wolters_2018,https://openalex.org/W2098151967,1,0.005035007454888666,0.1744489456409586,True,cache,article,1996,0.06338791675108024,0,0,0,52.0,34,10,175
Wolters_2018,https://openalex.org/W2017257387,1,0.005034127246643691,0.14365510545116741,True,cache,article,2005,0.06703560369929695,0,0,0,57.0,29,10,217
Wolters_2018,https://openalex.org/W2128601008,0,0.005034127246643691,0.11875805436824519,True,cache,article,2008,0.1008555813006008,0,0,0,59.0,26,10,390
Wolters_2018,https://openalex.org/W2023282868,0,0.005039763194112267,-0.039647755277309904,True,cache,letter,2002,-0.03170273882566206,0,0,0,11.0,7,10,156
Wolters_2018,https://openalex.org/W4237660272,0,0.005034127246643691,0.027853573012503394,True,cache,article,2006,0.022324895023899786,0,0,0,0.0,0,10,34
Wolters_2018,https://openalex.org/W2589535334,0,0.005035007454888666,0.000857397109348252,True,cache,article,2017,-0.059398381405971694,0,0,0,43.0,39,10,133
Wolters_2018,https://openalex.org/W2417587966,0,0.005033599194317003,0.012091537017719797,True,cache,article,1982,-0.00435042221246186,0,0,0,4.0,23,10,157
Wolters_2018,https://openalex.org/W1489728454,0,0.005033423188977715,0.06895449464940906,True,cache,review,2012,0.020492899928660158,0,0,0,0.0,8,10,135
Wolters_2018,https://openalex.org/W2808944563,0,0.005033423188977715,0.08259402349816108,True,cache,article,2014,0.016676809118934013,0,0,0,1.0,0,0,21
Wolters_2018,https://openalex.org/W85910960,0,0.005034127246643691,0.11743303377476792,True,cache,article,2002,-0.0055653495292248,0,0,0,139.0,0,10,231
Wolters_2018,https://openalex.org/W2037583987,0,0.005033423188977715,0.011409847870827734,True,cache,article,2010,0.058151111774820415,0,0,0,170.0,42,10,123
Wolters_2018,https://openalex.org/W1976726807,0,0.005033423188977715,0.11769478332898667,True,cache,review,2009,0.034863748278258874,0,0,0,73.0,37,10,223
van_de_Schoot_2018,https://openalex.org/W1848156165,1,0.010547410268283505,0.09570800198539917,True,cache,article,2015,0.0004599304801159998,1,0,1,21.0,52,10,213
van_de_Schoot_2018,https://openalex.org/W1448877352,1,0.010547410268283505,0.09273468232121362,True,cache,article,2015,0.04811285477756777,6,0,6,79.0,71,10,162
van_de_Schoot_2018,https://openalex.org/W2032412255,1,0.01054733388054287,0.11390376380269845,True,cache,article,2011,0.025898638097394053,3,0,3,30.0,35,10,110
van_de_Schoot_2018,https://openalex.org/W2070289918,1,0.010547389898166015,0.1459442960582661,True,cache,article,2014,0.024793394657407486,7,0,7,83.0,74,10,153
van_de_Schoot_2018,https://openalex.org/W2100044325,1,0.010547415360818942,0.1297365854828173,True,cache,article,2010,0.03571924375513019,1,0,1,156.0,49,10,160
van_de_Schoot_2018,https://openalex.org/W1991849973,1,0.010547410268283505,0.1059955750106342,True,cache,article,2014,0.02586333613071691,2,0,2,32.0,39,10,195
van_de_Schoot_2018,https://openalex.org/W2056927632,1,0.01054737462060334,0.16587137042537142,True,cache,article,2004,0.013782105263603572,0,0,0,157.0,29,10,145
van_de_Schoot_2018,https://openalex.org/W2056933155,1,0.010547410268283505,0.12097268469110045,True,cache,article,2015,0.00873402966955418,4,0,4,226.0,39,10,167
van_de_Schoot_2018,https://openalex.org/W2075344639,1,0.010547415360818942,0.05196774792907155,True,cache,article,2013,0.012085402715061457,2,0,2,186.0,55,10,35
van_de_Schoot_2018,https://openalex.org/W1834163696,1,0.010547415360818942,0.07075186110510993,True,cache,article,2015,-0.004643949537273692,1,0,1,65.0,33,10,279
van_de_Schoot_2018,https://openalex.org/W244483461,0,0.010547417058331279,0.008364930069922715,True,cache,article,1996,-0.006966734670241559,0,0,0,42.0,12,10,199
van_de_Schoot_2018,https://openalex.org/W2395220514,0,0.010547410268283505,0.0555095897527476,True,cache,article,2014,0.020189862517696944,0,0,0,21.0,32,10,223
van_de_Schoot_2018,https://openalex.org/W2270365872,0,0.010547410268283505,0.05544696613188292,True,cache,article,2009,0.021360110754121323,0,0,0,9.0,19,20,139
van_de_Schoot_2018,https://openalex.org/W2013130170,0,0.010547415360818942,0.015252306718750618,True,cache,article,2009,0.02086546047228567,0,0,0,148.0,24,10,169
van_de_Schoot_2018,https://openalex.org/W2314458273,0,0.010547410268283505,0.07058499771304334,True,cache,article,1999,0.00045370043168253826,0,0,0,15.0,16,10,195
van_de_Schoot_2018,https://openalex.org/W2017613199,0,0.010547410268283505,0.0459961405390034,True,cache,article,2014,0.004164423349000947,0,0,0,37.0,53,10,58
van_de_Schoot_2018,https://openalex.org/W2042355083,0,0.010547410268283505,0.0963798572386636,True,cache,review,2005,0.020247933379699143,0,0,0,386.0,75,10,229
van_de_Schoot_2018,https://openalex.org/W2004381330,0,0.010547410268283505,0.041406533070822475,True,cache,article,2015,-0.017878600623614432,0,0,0,15.0,75,10,116
van_de_Schoot_2018,https://openalex.org/W1899071932,0,0.010547410268283505,0.021816150771192935,True,cache,article,2010,0.02038281233611662,0,0,0,13.0,27,20,108
van_de_Schoot_2018,https://openalex.org/W2121846834,0,0.010547417058331279,0.02512991911467431,True,cache,article,2008,-0.022265830581985405,0,0,0,37.0,64,20,176
Bos_2018,https://openalex.org/W2161291700,1,0.00998446842293333,0.0967155951576883,True,cache,article,2013,0.020601724216313233,1,0,1,55.0,55,10,221
Bos_2018,https://openalex.org/W2583393583,1,0.005012349968183714,0.13087957722571708,True,cache,article,2017,0.01517480893315204,0,0,0,25.0,9,10,270
Bos_2018,https://openalex.org/W2299650482,0,0.0015374388802028007,0.153695726826937,True,cache,article,2016,0.01620000362166857,0,0,0,63.0,45,10,242
Bos_2018,https://openalex.org/W2052696434,0,0.00501235714891404,0.03876800569432482,True,cache,article,2012,0.023250308803747843,0,0,0,8.0,19,10,184
Bos_2018,https://openalex.org/W2563548524,0,0.005012328426053571,0.056119359910755146,True,cache,review,2016,0.045910654988587776,0,0,0,141.0,29,10,165
Bos_2018,https://openalex.org/W1992251283,0,0.00501235714891404,0.10214741715141366,True,cache,article,1997,0.025313022165535895,0,0,0,123.0,68,10,197
Bos_2018,https://openalex.org/W2100803328,0,0.005012242258445772,0.1985608701694449,True,cache,article,2015,0.007727790393800449,0,0,0,21.0,29,10,241
Bos_2018,https://openalex.org/W2027188977,0,0.005012328426053571,0.12273356156477194,True,cache,article,2007,0.002067568090986016,0,0,0,164.0,39,10,169
Bos_2018,https://openalex.org/W2543734537,0,0.00501235714891404,0.11636887502153598,True,cache,article,2016,0.06644991663258357,0,0,0,10.0,50,10,219
Bos_2018,https://openalex.org/W2142185053,0,0.00501235714891404,0.09899115468344055,True,cache,article,2007,0.06098726712794246,0,0,0,217.0,34,10,157
Bos_2018,https://openalex.org/W2092098886,0,0.005012349968183714,0.07945626185412392,True,cache,article,2014,0.08234008837608892,0,0,0,48.0,47,10,191
Bos_2018,https://openalex.org/W1992798117,0,0.005012098649011521,0.2004868078652166,True,cache,article,2015,0.07775539518362082,0,0,0,19.0,74,10,357
Moran_2021,https://openalex.org/W2903635703,1,0.010442973557145926,-0.024056171716456454,True,cache,review,2018,-0.026198428582772555,0,0,0,420.0,146,10,280
Moran_2021,https://openalex.org/W2900100701,1,0.010449017455377293,0.00978036859500643,True,cache,article,2018,0.013383009930354323,0,0,0,15.0,175,10,240
Moran_2021,https://openalex.org/W2891532175,1,0.010442973557145926,-0.04163782347351719,True,cache,article,2018,-0.012480969900128234,0,0,0,91.0,68,10,68
Moran_2021,https://openalex.org/W2901638986,1,0.010442973557145926,-0.03354888359440657,True,cache,article,2018,0.0012084545370251235,0,0,0,11.0,94,10,41
Moran_2021,https://openalex.org/W2068717875,1,0.010443466807138802,-0.053441742001332934,True,cache,article,2009,-0.019737183265725093,0,0,0,153.0,392,10,60
Moran_2021,https://openalex.org/W2904183492,1,0.010442973557145926,-0.03531755185239937,True,cache,article,2018,-0.006909843453055672,0,0,0,144.0,36,10,231
Moran_2021,https://openalex.org/W2321290437,1,0.010443466807138802,-0.027784785520104827,True,cache,article,2014,-0.000360685642266316,0,0,0,0.0,217,10,50
Moran_2021,https://openalex.org/W4214847068,1,0.010442973557145926,-0.05311586239338418,True,cache,article,2013,-0.0037413108447290483,0,0,0,6.0,34,10,43
Moran_2021,https://openalex.org/W2907845546,1,0.010442973557145926,-0.053044928527357024,True,cache,article,2018,-0.01312769763278085,0,0,0,11.0,50,20,41
Moran_2021,https://openalex.org/W2808836151,1,0.010442973557145926,-0.10923841270791124,True,cache,review,2018,-0.0032567257478392023,0,0,0,19.0,165,10,135
Moran_2021,https://openalex.org/W2475091282,0,0.01044741363562598,-0.005542785736832895,True,cache,article,2016,-0.00309062946478926,0,0,0,68.0,34,10,210
Moran_2021,https://openalex.org/W2122778052,0,0.010442973557145926,-0.015210958433243884,True,cache,article,2009,-0.017308447202994588,0,0,0,33.0,66,10,53
Moran_2021,https://openalex.org/W2030307471,0,0.010442973557145926,-0.026993895734616538,True,cache,article,1975,-0.023002761757458648,0,0,0,608.0,12,10,165
Moran_2021,https://openalex.org/W2059097231,0,0.010443096867486228,-0.061786374298379645,True,cache,article,2001,-0.0060185548844047185,0,0,0,49.0,66,10,47
Moran_2021,https://openalex.org/W2119422035,0,0.010442973557145926,-0.024725957264640955,True,cache,article,2003,-0.01485501832451079,0,0,0,69.0,75,10,69
Moran_2021,https://openalex.org/W2911796851,0,0.010443096867486228,0.032053035851016376,False,cache,,,nan,nan,,,nan,,,
Moran_2021,https://openalex.org/W2099917172,0,0.010442973557145926,0.010218523867327585,True,cache,article,2007,0.015831587448377468,0,0,0,201.0,65,10,312
Moran_2021,https://openalex.org/W3082553423,0,0.010442973557145926,-0.031363919131949566,False,cache,,,nan,nan,,,nan,,,
Moran_2021,https://openalex.org/W2087426641,0,0.010443466807138802,-0.04298548773244201,True,cache,article,2007,-0.04172883757983532,0,0,0,51.0,21,10,83
Moran_2021,https://openalex.org/W1985491724,0,0.010443466807138802,-0.010916633921206224,True,cache,article,2011,0.018701976828445516,0,0,0,42.0,148,10,191
Leenaars_2019,https://openalex.org/W2088367343,1,0.014046796628833591,0.41441919707891145,True,cache,article,2002,0.0626623847031576,2,2,0,92.0,62,10,86
Leenaars_2019,https://openalex.org/W2042513904,1,0.014046796628833591,0.23064561276889656,True,cache,article,2012,0.05912729528917225,2,0,2,58.0,54,10,458
Leenaars_2019,https://openalex.org/W2071576115,1,0.014046796628833591,0.4849656589566842,True,cache,article,1997,0.11662027005788174,1,1,0,255.0,48,10,186
Leenaars_2019,https://openalex.org/W2288655185,1,0.014046796628833591,0.3546023055455671,True,cache,article,2015,0.04502123735177989,0,0,0,20.0,24,10,211
Leenaars_2019,https://openalex.org/W2062883133,1,0.0015374388802028007,0.4563991835847333,True,cache,article,2005,0.08125023896405321,0,0,0,321.0,46,10,185
Leenaars_2019,https://openalex.org/W2022726353,1,0.014047118394000408,0.46345000403941705,True,cache,article,2011,0.09798187710853179,3,1,2,57.0,65,10,234
Leenaars_2019,https://openalex.org/W1975946002,1,0.014046796628833591,0.34808272753381675,True,cache,article,2012,0.07797375427154284,4,0,4,52.0,71,10,211
Leenaars_2019,https://openalex.org/W2055656488,1,0.014046796628833591,0.5140401279383797,True,cache,article,2006,0.09383537447671245,1,1,0,53.0,25,10,151
Leenaars_2019,https://openalex.org/W2024775541,1,0.014046796628833591,0.3895010262639228,True,cache,article,1997,0.07172128314249546,0,0,0,30.0,15,10,125
Leenaars_2019,https://openalex.org/W2064915622,1,0.014046796628833591,0.1694826511382493,True,cache,article,2004,0.07204282482309282,1,0,1,79.0,28,10,165
Leenaars_2019,https://openalex.org/W2086286943,0,0.01404678322210887,0.050111568781214824,True,cache,article,1993,-0.0033708974630284744,0,0,0,76.0,67,10,276
Leenaars_2019,https://openalex.org/W2043806993,0,0.01404678322210887,0.08806291237614267,True,cache,article,1993,0.012538966290221533,0,0,0,81.0,21,10,190
Leenaars_2019,https://openalex.org/W2120534405,0,0.01404678322210887,-0.03933994342112215,True,cache,article,2005,-0.04899687735443811,0,0,0,54.0,42,10,388
Leenaars_2019,https://openalex.org/W2009090011,0,0.01404678322210887,0.04297663107151402,True,cache,article,2014,-0.037047595200094985,0,0,0,6.0,34,10,251
Leenaars_2019,https://openalex.org/W2063981466,0,0.01404678322210887,0.0638903853714201,True,cache,article,1998,-0.005236108838109141,0,0,0,22.0,32,10,175
Leenaars_2019,https://openalex.org/W2007893260,0,0.01404678322210887,0.0033752145241773036,True,cache,article,2014,-0.010949300208619048,0,0,0,24.0,68,10,193
Leenaars_2019,https://openalex.org/W1497774408,0,0.01404678322210887,0.04228348543809991,True,cache,article,1996,-0.029380290685803195,0,0,0,6.0,0,10,135
Leenaars_2019,https://openalex.org/W1966449636,0,0.014046796628833591,0.072691730867086,True,cache,article,2013,0.003927963614606143,0,0,0,172.0,65,10,443
Leenaars_2019,https://openalex.org/W1969014857,0,0.01404678322210887,0.02454298603807667,True,cache,article,2002,-0.0010446582493916917,0,0,0,21.0,15,10,271
Leenaars_2019,https://openalex.org/W2049364239,0,0.014046796628833591,0.09403484450728022,True,cache,article,2014,0.01700243748510296,0,0,0,14.0,26,10,66
Radjenovic_2013,https://openalex.org/W2123637002,0,0.03267019686428598,-0.008592340425211786,True,cache,article,2002,-0.04387034994566727,0,0,0,0.0,0,10,81
Radjenovic_2013,https://openalex.org/W2153791729,0,0.005587013697941538,0.022679197393207562,True,cache,article,2007,-0.06679613142677217,0,0,0,41.0,24,10,85
Radjenovic_2013,https://openalex.org/W1666623754,0,0.005589075175067811,0.03072507474892505,True,cache,article,2010,-0.06780932207478699,0,0,0,1.0,16,20,111
Radjenovic_2013,https://openalex.org/W1885979141,0,0.005589075175067811,0.23194700614400318,True,cache,article,2003,-0.020885004056842016,0,0,0,13.0,14,10,79
Radjenovic_2013,https://openalex.org/W3142415280,0,0.0055841288775954874,-0.005624362940122411,True,cache,article,2005,-0.026421903680023798,0,0,0,4.0,18,10,74
Radjenovic_2013,https://openalex.org/W2172147981,0,0.005590312417843213,0.03476376052762685,True,cache,article,2002,-0.04551770082584082,0,0,0,132.0,15,10,75
Radjenovic_2013,https://openalex.org/W2135693987,0,0.005588147418453964,-0.034241852613092386,True,cache,article,2002,-0.07670294753716438,0,0,0,39.0,10,10,82
Radjenovic_2013,https://openalex.org/W1879505596,0,0.005587013697941538,0.07092357562813835,True,cache,article,2002,-0.018781621695551212,0,0,0,3.0,5,10,69
Radjenovic_2013,https://openalex.org/W2118004463,0,0.005585674136058171,0.040805286690504594,True,cache,article,2002,-0.02931000231295232,0,0,0,2.0,1,10,65
Radjenovic_2013,https://openalex.org/W2119061206,0,0.005590312417843213,0.04000797280068479,True,cache,article,2004,-0.03393514094929656,0,0,0,8.0,12,10,75
Leenaars_2020,https://openalex.org/W2091732273,1,0.02021104705107551,0.12935405834589458,True,cache,article,2002,0.036733556708038434,6,2,4,733.0,20,10,241
Leenaars_2020,https://openalex.org/W2032140498,1,0.020210828633553585,0.17986114413206228,True,cache,article,2002,0.022204819267403586,5,0,5,645.0,47,10,300
Leenaars_2020,https://openalex.org/W2177530838,1,0.02021099244647946,0.13849534429132612,True,cache,article,2015,0.004568386358111076,10,1,9,194.0,29,10,240
Leenaars_2020,https://openalex.org/W2136474272,1,0.02021096173145732,0.05712888803887256,True,cache,article,2013,0.015431125336273603,1,0,1,30.0,37,10,252
Leenaars_2020,https://openalex.org/W2109925847,1,0.02021104705107551,0.05524858469770316,True,cache,article,2010,-0.00249494241045764,6,0,6,65.0,40,10,239
Leenaars_2020,https://openalex.org/W4214920099,1,0.020210879824953978,-0.035467275320696254,False,cache,,,nan,nan,,,nan,,,
Leenaars_2020,https://openalex.org/W2107355697,1,0.02021096173145732,0.13440053771150473,True,cache,article,2012,0.014839646098917136,0,0,0,23.0,11,10,343
Leenaars_2020,https://openalex.org/W2115144341,1,0.02021104705107551,0.11500188698621042,True,cache,article,2013,0.0044154053679725525,2,0,2,46.0,38,10,328
Leenaars_2020,https://openalex.org/W2138609584,1,0.02021096173145732,0.05161657929318718,True,cache,article,2014,-0.0032819681763709835,5,0,5,293.0,37,10,582
Leenaars_2020,https://openalex.org/W2170983988,1,0.02021096173145732,0.07271403847288044,True,cache,article,1999,0.008329046852802113,0,0,0,182.0,3,10,203
Leenaars_2020,https://openalex.org/W2110523622,0,0.02021104363828406,-0.01175460180648608,True,cache,review,2012,-0.051120653230301835,9,0,9,69.0,33,10,199
Leenaars_2020,https://openalex.org/W2042732463,0,0.02021101633597256,0.04754133170957704,True,cache,article,2001,-0.00417832647229717,2,2,0,43.0,0,10,233
Leenaars_2020,https://openalex.org/W2024610927,0,0.020211033399913016,0.04404220943222455,True,cache,article,2013,0.030710243440998736,2,0,2,11.0,24,10,199
Leenaars_2020,https://openalex.org/W2083395794,0,0.02021099244647946,0.0786469774281324,True,cache,article,1993,0.019323847271976863,0,0,0,22.0,26,10,162
Leenaars_2020,https://openalex.org/W50807861,0,0.02021104705107551,0.018062536069342883,True,cache,article,1997,-0.023425673481374976,0,0,0,45.0,0,10,217
Leenaars_2020,https://openalex.org/W2164349469,0,0.02021104705107551,-0.07253644169101778,True,cache,review,2009,0.017094477280117218,0,0,0,37.0,28,10,242
Leenaars_2020,https://openalex.org/W2118228748,0,0.02021104705107551,-0.017724867544462942,True,cache,review,2006,0.013058011587920727,0,0,0,1011.0,143,10,154
Leenaars_2020,https://openalex.org/W2046411916,0,0.02021104705107551,-0.011987131511097301,True,cache,article,2014,0.018892603195329705,0,0,0,22.0,26,10,255
Leenaars_2020,https://openalex.org/W4300175777,0,0.02021104705107551,-0.0500818747633036,True,cache,article,2009,0.026495164856317033,0,0,0,0.0,0,10,254
Leenaars_2020,https://openalex.org/W2077102864,0,0.02021104363828406,0.04809198405734151,True,cache,article,2013,-0.030361891181454895,3,0,3,21.0,34,10,241
Wassenaar_2017,https://openalex.org/W2117870346,1,0.010471793258871463,0.08598673263296888,True,cache,review,2011,-0.03409080350114772,0,0,0,100.0,0,10,202
Wassenaar_2017,https://openalex.org/W1991299939,1,0.010471410992394495,0.1364927093880538,True,cache,article,2005,0.03567782051645661,0,0,0,83.0,60,10,218
Wassenaar_2017,https://openalex.org/W2071235992,1,0.010471283573300131,0.016122913951624226,True,cache,article,2012,-0.017767867051967007,1,0,1,10.0,18,10,149
Wassenaar_2017,https://openalex.org/W2144160434,1,0.010471291536948639,0.02804694991149323,True,cache,article,2012,0.017478498749310803,0,0,0,27.0,58,10,344
Wassenaar_2017,https://openalex.org/W2123254875,1,0.010471283573300131,0.047652006076281464,True,cache,review,2010,-0.02136281414070669,1,0,1,238.0,111,10,202
Wassenaar_2017,https://openalex.org/W2071480044,1,0.010471283573300131,0.09399935450089744,True,cache,article,2013,0.025042247092262188,12,0,12,158.0,51,10,210
Wassenaar_2017,https://openalex.org/W2125823486,1,0.010471793258871463,0.0458683535488954,True,cache,article,2007,-0.02469579482929761,0,0,0,20.0,23,10,161
Wassenaar_2017,https://openalex.org/W2095513235,1,0.010471291536948639,0.07426968993032304,True,cache,review,2009,0.0037631076018261184,3,0,3,300.0,40,10,161
Wassenaar_2017,https://openalex.org/W2018365592,1,0.010471283573300131,0.012679677760621413,True,cache,review,2009,-0.03189610977498582,4,0,4,117.0,110,10,164
Wassenaar_2017,https://openalex.org/W2076212136,1,0.010471315427930067,0.004246547732311222,True,cache,article,2012,-0.014715110284303848,0,0,0,7.0,0,10,228
Wassenaar_2017,https://openalex.org/W2155646364,0,0.010471283573300131,0.006681537521220672,True,cache,article,2008,-0.043662480425009045,0,0,0,146.0,21,10,176
Wassenaar_2017,https://openalex.org/W2078935942,0,0.010471283573300131,0.04414198290016383,True,cache,article,2007,-0.014698966793203663,0,0,0,34.0,44,10,147
Wassenaar_2017,https://openalex.org/W2004875818,0,0.010471283573300131,0.0522208303884875,True,cache,article,2000,-0.014427417755072669,0,0,0,106.0,40,10,192
Wassenaar_2017,https://openalex.org/W2063517792,0,0.010471283573300131,0.03905119220151763,True,cache,article,2002,-0.024623681409744025,0,0,0,992.0,9,10,177
Wassenaar_2017,https://openalex.org/W1995903208,0,0.010471283573300131,-0.03276000224981877,True,cache,article,2004,-0.002404893444690151,0,0,0,93.0,58,10,241
Wassenaar_2017,https://openalex.org/W2124046488,0,0.010471283573300131,0.029980383777002025,True,cache,article,2004,-0.02851147809069131,0,0,0,208.0,37,10,178
Wassenaar_2017,https://openalex.org/W1965410558,0,0.01047157026841729,0.12265356905778323,True,cache,article,2012,0.0014377223005165862,0,0,0,69.0,48,10,232
Wassenaar_2017,https://openalex.org/W166866,0,0.010471283573300131,0.02429493464304182,True,cache,article,2007,0.004626892117211349,0,0,0,22.0,0,20,236
Wassenaar_2017,https://openalex.org/W2001187483,0,0.010471283573300131,0.02220002451035595,True,cache,article,2011,-0.002208618063190129,0,0,0,86.0,38,10,76
Wassenaar_2017,https://openalex.org/W2137711105,0,0.010471283573300131,0.05551042861382946,True,cache,article,2001,0.0013520052360097012,0,0,0,113.0,22,10,164
Hall_2012,https://openalex.org/W2141051748,1,0.005252068672758861,0.124697195699707,True,cache,article,2000,-0.08377742778160424,0,0,0,703.0,56,10,78
Hall_2012,https://openalex.org/W2160274766,1,0.005252110517548309,0.022067074846748455,True,cache,article,2008,-0.12023437877277823,1,0,1,28.0,34,10,108
Hall_2012,https://openalex.org/W2123675623,1,0.005251943140372188,0.034653048229224506,True,cache,article,2004,-0.09877176556095255,2,0,2,3.0,24,10,100
Hall_2012,https://openalex.org/W4248521920,1,0.005252110517548309,0.13077190594690025,True,cache,article,2007,-0.027272792360706677,4,0,4,134.0,32,10,96
Hall_2012,https://openalex.org/W1995029977,1,0.005251943140372188,0.29172060657359267,True,cache,article,2007,-0.08691193354363369,1,0,1,22.0,24,10,90
Hall_2012,https://openalex.org/W2158561928,1,0.005251943140372188,0.11589254432810281,True,cache,article,2008,-0.07148543366302901,0,0,0,38.0,40,10,104
Hall_2012,https://openalex.org/W4243127898,1,0.00525144104054976,0.008701917018745304,True,cache,article,2002,-0.12251189115901517,0,0,0,511.0,0,10,109
Hall_2012,https://openalex.org/W1990993371,0,0.005252068672758861,0.020487507221180635,True,cache,article,2004,-0.05990572725635743,0,0,0,14.0,23,10,60
Hall_2012,https://openalex.org/W3144730141,0,0.005252110517548309,-0.0694259591713838,False,cache,,,nan,nan,,,nan,,,
Hall_2012,https://openalex.org/W2127351714,0,0.00525144104054976,0.0616664217955597,True,cache,article,2002,-0.06229320053884958,0,0,0,7.0,47,10,110
Hall_2012,https://openalex.org/W2139141676,0,0.005250604313195542,0.03366040691009825,True,cache,article,2008,-0.08621036384727214,0,0,0,1.0,32,10,70
Hall_2012,https://openalex.org/W2071716457,0,0.005252110517548309,0.039564511911683746,True,cache,article,2008,-0.06946589493025887,0,0,0,0.0,0,10,88
Hall_2012,https://openalex.org/W2124068357,0,0.005251943140372188,0.04800369663826759,True,cache,article,2009,-0.058374603280870185,2,0,2,41.0,38,10,90
Hall_2012,https://openalex.org/W2034377901,0,0.00525144104054976,0.07215501995766627,True,cache,article,2010,-0.06276348326076585,0,0,0,3.0,15,10,53
Hall_2012,https://openalex.org/W2146129337,0,0.005252110517548309,0.04583081998518487,True,cache,article,2007,-0.061944881038002914,0,0,0,31.0,12,10,68
Hall_2012,https://openalex.org/W2129995429,0,0.005250060511253271,-0.025468428727584865,True,cache,article,2002,-0.09482333806069886,0,0,0,7.0,11,10,99
Hall_2012,https://openalex.org/W2096094750,0,0.005252110517548309,0.048924036486306346,True,cache,article,2010,-0.06167932912297176,0,0,0,8.0,18,10,93
van_Dis_2020,https://openalex.org/W2101457117,1,0.0015374388802028007,0.23690248905857067,True,cache,article,2014,0.040984101199133274,1,0,1,292.0,38,10,154
van_Dis_2020,https://openalex.org/W2019610877,1,0.01658729481040427,0.1702612974078483,True,cache,article,2003,0.05642208533893475,4,0,4,152.0,41,10,128
van_Dis_2020,https://openalex.org/W2469001318,1,0.016589456582112996,0.13666447749346222,True,cache,article,2016,0.05326155048119936,1,0,1,43.0,33,10,138
van_Dis_2020,https://openalex.org/W2109042404,1,0.016589606715430496,0.08731100768765923,True,cache,article,2001,0.050827871406192104,3,0,3,69.0,20,10,179
van_Dis_2020,https://openalex.org/W2053295259,1,0.01658897616446904,0.09897449618725875,True,cache,article,2006,0.024966977546922176,0,0,0,72.0,48,10,130
van_Dis_2020,https://openalex.org/W2031774431,1,0.01658972682304574,0.24310910046754092,True,cache,article,2012,0.08114224684075375,1,0,1,188.0,37,10,151
van_Dis_2020,https://openalex.org/W2047881541,1,0.016589606715430496,0.19452099760747318,True,cache,article,1994,0.06705472022612323,4,2,2,114.0,34,10,150
van_Dis_2020,https://openalex.org/W2490084511,1,0.01658972682304574,0.10782321140297195,True,cache,article,2016,0.055073721025268196,2,0,2,51.0,32,10,149
van_Dis_2020,https://openalex.org/W2049085090,1,0.016587805203749043,0.12738423357759587,True,cache,article,2003,0.01609031609643656,2,1,1,199.0,55,10,132
van_Dis_2020,https://openalex.org/W2054983745,1,0.0015374388802028007,0.19480597734206778,True,cache,article,1996,0.03271172849571677,0,0,0,104.0,48,10,76
van_Dis_2020,https://openalex.org/W2064118523,0,0.01658972682304574,0.050272645384022215,True,cache,article,2008,0.03175918961768527,0,0,0,109.0,47,10,156
van_Dis_2020,https://openalex.org/W2111591633,0,0.016586724389059167,0.05400377593977984,True,cache,article,2004,0.04158555826820387,1,0,1,2.0,40,10,145
van_Dis_2020,https://openalex.org/W1968620173,0,0.016589606715430496,0.10296363153016114,True,cache,article,2014,0.08078862306844777,0,0,0,244.0,50,10,172
van_Dis_2020,https://openalex.org/W2115679691,0,0.01658972682304574,0.015780462238290462,True,cache,article,2013,-0.010260778165873057,0,0,0,13.0,38,10,65
van_Dis_2020,https://openalex.org/W2727710758,0,0.01658864588527026,0.0996525239129125,True,cache,article,2017,0.0787865890249561,0,0,0,33.0,67,10,213
van_Dis_2020,https://openalex.org/W2766573664,0,0.01658972682304574,0.031325111097060356,True,cache,article,2017,0.032985373505361175,0,0,0,34.0,74,10,277
van_Dis_2020,https://openalex.org/W1600349987,0,0.01658972682304574,0.011964777206112413,True,cache,article,2009,0.004292441013996243,0,0,0,14.0,11,10,83
van_Dis_2020,https://openalex.org/W1968373192,0,0.01658972682304574,-0.012468011343212675,True,cache,article,2009,0.009035129635024411,0,0,0,13.0,19,10,223
van_Dis_2020,https://openalex.org/W2087481488,0,0.01658972682304574,0.04972691066162227,True,cache,article,1976,0.045445560871698085,0,0,0,16.0,0,10,98
van_Dis_2020,https://openalex.org/W2089149909,0,0.01658897616446904,0.04933235819157886,True,cache,article,2010,0.018668902842776225,0,0,0,665.0,69,10,219
Brouwer_2019,https://openalex.org/W2167935782,1,0.014458684945109039,0.36780721703576785,True,cache,article,2010,0.05635732606273841,1,0,1,130.0,50,10,285
Brouwer_2019,https://openalex.org/W2000699750,1,0.014458663333748385,0.1395640127252721,True,cache,article,2001,0.0007376268464175662,0,0,0,39.0,42,10,60
Brouwer_2019,https://openalex.org/W4237764986,1,0.014460413953160023,0.21401046483019273,True,cache,article,2000,0.03976335388767517,0,0,0,47.0,39,10,74
Brouwer_2019,https://openalex.org/W2151196397,1,0.014458684945109039,0.21852448176778494,True,cache,article,2006,0.043098724910197256,0,0,0,23.0,50,10,215
Brouwer_2019,https://openalex.org/W2084069051,1,0.014460824621363081,0.10189606359951714,True,cache,article,2007,-0.03127923458633225,2,0,2,30.0,50,10,248
Brouwer_2019,https://openalex.org/W4297734513,1,0.014458857837096594,0.2755177624373613,True,cache,article,2006,0.023965984464409923,0,0,0,78.0,0,10,70
Brouwer_2019,https://openalex.org/W1982903495,1,0.014460413953160023,0.4227591524878018,True,cache,article,2001,0.005869881732223581,3,0,3,64.0,73,10,172
Brouwer_2019,https://openalex.org/W2128173991,1,0.014458749779374721,0.344328499851698,True,cache,article,2015,0.0092005911922928,3,0,3,46.0,62,10,203
Brouwer_2019,https://openalex.org/W2163131290,1,0.014459722326427563,0.17965533003980558,True,cache,article,2015,-0.002745770249059809,2,0,2,63.0,55,10,153
Brouwer_2019,https://openalex.org/W1981083307,1,0.014458684945109039,0.12427266110077188,True,cache,article,2004,0.0161929520436567,0,0,0,194.0,61,10,192
Brouwer_2019,https://openalex.org/W1673957087,0,0.014458663333748385,0.15754606647866615,True,cache,article,2015,0.0659987497217857,0,0,0,21.0,19,10,269
Brouwer_2019,https://openalex.org/W2511234708,0,0.014458684945109039,0.12185413990295244,True,cache,article,2016,0.015479347297002732,0,0,0,23.0,104,10,83
Brouwer_2019,https://openalex.org/W2010864134,0,0.014458663333748385,0.04828333977473535,True,cache,article,2003,0.017258134687468674,0,0,0,197.0,33,10,237
Brouwer_2019,https://openalex.org/W3155573292,0,0.014458663333748385,-0.03678541100743021,True,cache,review,2016,-0.020156129403162845,0,0,0,57.0,37,10,192
Brouwer_2019,https://openalex.org/W1968818592,0,0.014458663333748385,0.0606284425160301,True,cache,article,1999,-0.02826946913253664,0,0,0,684.0,21,10,233
Brouwer_2019,https://openalex.org/W2053647279,0,0.014458663333748385,0.083153396448097,True,cache,article,2008,0.00845510759932452,0,0,0,1.0,0,10,56
Brouwer_2019,https://openalex.org/W2009843397,0,0.014458663333748385,0.07774469213927605,True,cache,article,2005,0.005708716601176181,0,0,0,23.0,13,10,152
Brouwer_2019,https://openalex.org/W2016222915,0,0.014458857837096594,0.1412726158287736,True,cache,article,2011,-0.004132407225001633,0,0,0,80.0,52,10,330
Brouwer_2019,https://openalex.org/W2127129956,0,0.014458663333748385,0.036170787120165054,True,cache,article,2008,-0.035926557775109336,0,0,0,87.0,51,10,98
Brouwer_2019,https://openalex.org/W2108236117,0,0.014458663333748385,0.10847231494087145,True,cache,article,2010,-0.015062658892500191,0,0,0,61.0,27,10,151
Walker_2018,https://openalex.org/W2123430482,1,0.007533315163773078,0.021919458168251107,True,cache,article,1978,-0.004333044899365188,0,0,0,21.0,24,10,131
Walker_2018,https://openalex.org/W2087384250,1,0.007533606047353514,-4.0000342133341294e-05,True,cache,article,2010,0.012314823722129931,0,0,0,1.0,0,10,50
Walker_2018,https://openalex.org/W2403774278,1,0.007535642544219033,0.009379694686011766,True,cache,article,1956,0.007816753387363014,1,1,0,0.0,0,10,56
Walker_2018,https://openalex.org/W2054576583,1,0.0075321517408103965,0.07592540477577664,True,cache,article,2010,0.012182736991533591,0,0,0,37.0,33,10,196
Walker_2018,https://openalex.org/W1995287213,1,0.0075372430316881555,0.0364681840839819,True,cache,article,2010,0.040645983861352715,1,0,1,4.0,11,10,121
Walker_2018,https://openalex.org/W1982810583,1,0.0075321517408103965,0.023851823252714045,True,cache,article,2009,-0.016995553117485865,0,0,0,64.0,31,10,115
Walker_2018,https://openalex.org/W2093725065,1,0.007556621037257353,0.04135273540540749,True,cache,article,2012,0.009013635592607275,3,1,2,79.0,64,10,333
Walker_2018,https://openalex.org/W2287700774,1,0.007534333305023912,0.013802470406226909,True,cache,article,1983,0.008819837086105318,0,0,0,0.0,0,10,134
Walker_2018,https://openalex.org/W2405529737,1,0.007549621792743057,0.01663997890014833,True,cache,article,2009,-0.01862400173182923,0,0,0,0.0,0,0,284
Walker_2018,https://openalex.org/W2098034074,1,0.007541318519779488,0.02983431962101557,True,cache,review,2007,0.006958750405361452,1,0,1,10.0,22,10,86
Walker_2018,https://openalex.org/W2206707581,0,0.0075321517408103965,0.006897563287183381,True,cache,article,2009,0.01525224380015966,0,0,0,12.0,0,20,144
Walker_2018,https://openalex.org/W1974126397,0,0.007533315163773078,0.001896554819318358,True,cache,article,1999,-0.002903627037848175,0,0,0,75.0,35,10,253
Walker_2018,https://openalex.org/W1992443415,0,0.0075320063254680145,-0.01716315249046802,True,cache,article,2000,-0.0001748603877229117,0,0,0,70.0,18,10,40
Walker_2018,https://openalex.org/W2120955415,0,0.0075321517408103965,-0.020471954590042606,True,cache,review,1994,-0.004079700675454864,0,0,0,76.0,0,10,111
Walker_2018,https://openalex.org/W2379337023,0,0.007541318519779488,0.016046478859730023,True,cache,article,2002,0.004940465087342166,0,0,0,14.0,0,10,126
Walker_2018,https://openalex.org/W147442911,0,0.007533315163773078,0.041988389721923605,True,cache,article,2003,-0.0033049582000171246,0,0,0,20.0,17,10,141
Walker_2018,https://openalex.org/W2410582597,0,0.0075320063254680145,0.03404332519109917,True,cache,article,1991,-0.00674762228429128,0,0,0,14.0,0,10,73
Walker_2018,https://openalex.org/W2415459800,0,0.0075321517408103965,0.031103855839982902,True,cache,article,2004,-0.01562512570158136,0,0,0,3.0,13,20,193
Walker_2018,https://openalex.org/W2109957280,0,0.007532588003541521,0.006156161398169208,True,cache,article,2004,-0.02715756724786357,0,0,0,112.0,49,10,178
Walker_2018,https://openalex.org/W2075346857,0,0.0075320063254680145,-0.0045471686832453655,True,cache,article,2009,-0.05598721675302894,0,0,0,31.0,68,10,179
