dataset,record_id,true_label,p_include,b1_lexical_score,openalex_source,openalex_found,metadata_score,referenced_works_count,related_works_count,b3_seed1_direct,b3_seed1_neighbor_count,b3_seed1_neighbor_jaccard,b3_seed3_direct,b3_seed3_neighbor_count,b3_seed3_neighbor_jaccard,b3_seed5_direct,b3_seed5_neighbor_count,b3_seed5_neighbor_jaccard
Donners_2021,https://openalex.org/W3016428066,1,0.0010962048447103099,0.06826217481044076,cache,True,-0.021757657292030316,5,10,0.0,3.0,0.05263157894736842,0.0,5.0,0.050505050505050504,1.0,5.0,0.03205128205128205
Donners_2021,https://openalex.org/W2890442696,1,0.001096243648917699,0.16877965203272338,cache,True,0.057889283797802976,30,10,1.0,6.0,0.0759493670886076,1.0,10.0,0.08403361344537816,2.0,14.0,0.08139534883720931
Donners_2021,https://openalex.org/W2278365462,1,0.0010960806804624097,0.21955731519135563,cache,True,0.03948757238576189,29,10,1.0,3.0,0.037037037037037035,1.0,5.0,0.04065040650406504,1.0,10.0,0.05714285714285714
Donners_2021,https://openalex.org/W3028455363,1,0.0010962669321004305,0.18438032827386733,cache,True,-0.024181955117144133,25,10,1.0,9.0,0.1267605633802817,3.0,14.0,0.11764705882352941,5.0,15.0,0.09090909090909091
Donners_2021,https://openalex.org/W2906655433,0,0.0010954988477106442,0.060012980762637336,cache,True,0.0009945882850960416,0,10,0.0,0.0,0.0,0.0,0.0,0.0,0.0,0.0,0.0
Donners_2021,https://openalex.org/W2610701591,0,0.003591184344015368,0.04783260658210683,cache,True,0.019778276027455396,43,10,0.0,0.0,0.0,0.0,0.0,0.0,0.0,0.0,0.0
Donners_2021,https://openalex.org/W2765359511,0,0.013364182788756665,0.10534918591571404,cache,True,0.0010587309904448033,0,10,0.0,1.0,0.018518518518518517,0.0,7.0,0.07608695652173914,0.0,7.0,0.04697986577181208
Donners_2021,https://openalex.org/W2988935613,0,0.003591184344015368,0.043646270244276905,cache,True,-0.02023476208875441,174,10,0.0,10.0,0.045871559633027525,0.0,14.0,0.05426356589147287,0.0,17.0,0.05448717948717949
Donners_2021,https://openalex.org/W2986546258,0,0.0010961505211239417,0.0808702302498983,cache,True,0.010505639796257647,0,10,0.0,0.0,0.0,0.0,0.0,0.0,0.0,0.0,0.0
Donners_2021,https://openalex.org/W3037252784,0,0.0010962669321004305,0.1132591996025346,cache,True,-0.026751013785548422,111,10,0.0,10.0,0.0641025641025641,0.0,13.0,0.06598984771573604,1.0,19.0,0.07661290322580645
Donners_2021,https://openalex.org/W2011766387,0,0.001096243648917699,0.1703723729620225,cache,True,0.01846048847326069,51,10,0.0,1.0,0.009523809523809525,1.0,2.0,0.013513513513513514,1.0,8.0,0.04020100502512563
Donners_2021,https://openalex.org/W2940425658,0,0.003591184344015368,0.0456574229207524,cache,True,-0.007554354267466021,20,10,0.0,3.0,0.041666666666666664,0.0,3.0,0.02586206896551724,0.0,3.0,0.017341040462427744
Donners_2021,https://openalex.org/W3142726662,0,0.001096243648917699,0.06588752241743558,cache,True,-0.001729142447705321,0,10,0.0,0.0,0.0,0.0,0.0,0.0,0.0,0.0,0.0
Donners_2021,https://openalex.org/W2983240095,0,0.001096243648917699,-0.03415562099035118,cache,True,-0.031320515383814355,0,10,0.0,0.0,0.0,0.0,0.0,0.0,0.0,0.0,0.0
Sep_2021,https://openalex.org/W2144529104,1,0.0015374388802028007,0.24997336802977585,cache,True,0.027228280841890412,23,10,0.0,0.0,0.0,0.0,0.0,0.0,1.0,6.0,0.018867924528301886
Sep_2021,https://openalex.org/W2789966204,1,0.020687180697951987,0.07772754341759278,cache,True,0.04617733091038823,41,10,0.0,0.0,0.0,0.0,0.0,0.0,0.0,2.0,0.005714285714285714
Sep_2021,https://openalex.org/W2983898801,1,0.0015374388802028007,0.1513967785665113,cache,True,0.04059111211932695,38,10,0.0,0.0,0.0,0.0,1.0,0.004219409282700422,0.0,1.0,0.002967359050445104
Sep_2021,https://openalex.org/W1981925277,1,0.02068774358716133,0.11889821036458749,cache,True,0.057447414772424085,76,10,0.0,0.0,0.0,0.0,0.0,0.0,0.0,0.0,0.0
Sep_2021,https://openalex.org/W1768069588,1,0.02068774358716133,0.07327899506519188,cache,True,0.0026309008049768892,50,10,0.0,1.0,0.006666666666666667,0.0,3.0,0.012096774193548387,0.0,5.0,0.014450867052023121
Sep_2021,https://openalex.org/W2079142947,1,0.020687919493097385,0.1494883167200125,cache,True,0.03986214962951113,32,10,0.0,4.0,0.03125,0.0,5.0,0.022026431718061675,0.0,7.0,0.021538461538461538
Sep_2021,https://openalex.org/W2606834381,1,0.020687180697951987,0.14350833565536214,cache,True,0.013319756437988883,55,10,0.0,2.0,0.012987012987012988,0.0,2.0,0.007874015748031496,0.0,3.0,0.0084985835694051
Sep_2021,https://openalex.org/W2000180785,1,0.02068774358716133,0.12390787896902275,cache,True,0.05189265698399942,51,10,0.0,0.0,0.0,0.0,1.0,0.00398406374501992,0.0,2.0,0.005714285714285714
Sep_2021,https://openalex.org/W2024032885,1,0.02068802503735787,0.18795384967604356,cache,True,0.02329359169709029,50,10,0.0,2.0,0.013422818791946308,1.0,2.0,0.008032128514056224,1.0,4.0,0.011527377521613832
Sep_2021,https://openalex.org/W1982436123,1,0.02068802503735787,0.08942407870077089,cache,True,0.06124395758520481,58,10,0.0,0.0,0.0,0.0,1.0,0.003875968992248062,0.0,1.0,0.002793296089385475
Sep_2021,https://openalex.org/W2581869019,0,0.02068806021889451,0.11629431640839108,cache,True,0.025460791348897727,20,10,0.0,1.0,0.008333333333333333,0.0,1.0,0.004545454545454545,0.0,2.0,0.006269592476489028
Sep_2021,https://openalex.org/W2123081263,0,0.020687919493097385,0.1039103081819478,cache,True,0.03452377311013792,53,10,0.0,1.0,0.006535947712418301,0.0,1.0,0.003952569169960474,0.0,1.0,0.0028328611898017
Sep_2021,https://openalex.org/W2791684544,0,0.020687497321297196,0.02901589959534493,cache,True,0.026200843016802422,54,10,0.0,0.0,0.0,0.0,1.0,0.003937007874015748,0.0,1.0,0.002824858757062147
Sep_2021,https://openalex.org/W2111229642,0,0.02068802503735787,0.07973943802167593,cache,True,0.04443632386483587,56,10,0.0,0.0,0.0,0.0,0.0,0.0,0.0,0.0,0.0
Sep_2021,https://openalex.org/W2537341202,0,0.020687180697951987,0.12362922693980061,cache,True,0.03301178793415625,43,10,0.0,0.0,0.0,0.0,0.0,0.0,0.0,0.0,0.0
Sep_2021,https://openalex.org/W2793756203,0,0.020687180697951987,0.04023386283394126,cache,True,-0.006734183923727155,88,10,0.0,0.0,0.0,0.0,0.0,0.0,0.0,0.0,0.0
Sep_2021,https://openalex.org/W595773546,0,0.02068802503735787,0.13996762059232384,cache,True,0.021357911530720572,48,10,0.0,6.0,0.04195804195804196,0.0,7.0,0.028925619834710745,0.0,9.0,0.026470588235294117
Sep_2021,https://openalex.org/W2766428986,0,0.0015374388802028007,0.019394120153584226,cache,True,0.04734665644404969,80,10,0.0,0.0,0.0,0.0,0.0,0.0,0.0,1.0,0.002631578947368421
Sep_2021,https://openalex.org/W2046706409,0,0.02068802503735787,0.13564028311600523,cache,True,0.060619119421135965,47,10,0.0,3.0,0.020689655172413793,0.0,5.0,0.0205761316872428,0.0,8.0,0.023529411764705882
Sep_2021,https://openalex.org/W2164609613,0,0.019305342455324174,0.10240698594677133,cache,True,0.022876488132264727,77,10,0.0,2.0,0.011363636363636364,0.0,3.0,0.01090909090909091,0.0,3.0,0.008
Nelson_2002,https://openalex.org/W2075822341,1,0.0328896144946762,0.08497690287457928,cache,True,0.06671136174648354,21,10,0.0,0.0,0.0,0.0,1.0,0.007142857142857143,0.0,5.0,0.021551724137931036
Nelson_2002,https://openalex.org/W4244526763,1,0.017817660707140175,0.10768358310561169,cache,True,0.06291580182139121,0,10,0.0,0.0,0.0,0.0,0.0,0.0,0.0,0.0,0.0
Nelson_2002,https://openalex.org/W2009902348,1,0.017819457317090916,0.144596143821746,cache,True,0.03349487762609024,38,10,0.0,0.0,0.0,0.0,1.0,0.006369426751592357,0.0,2.0,0.007936507936507936
Nelson_2002,https://openalex.org/W2041492652,1,0.017816263466569077,0.12354486741608423,cache,True,0.07221436148197341,30,10,0.0,0.0,0.0,0.0,1.0,0.006711409395973154,0.0,2.0,0.00819672131147541
Nelson_2002,https://openalex.org/W2134182256,1,0.017815265503368094,0.147765444461931,cache,True,0.08451657718595074,28,10,0.0,0.0,0.0,0.0,0.0,0.0,0.0,0.0,0.0
Nelson_2002,https://openalex.org/W2027858461,1,0.017830640205018466,0.11292014309913379,cache,True,0.0071235573193326185,20,10,0.0,0.0,0.0,0.0,0.0,0.0,0.0,1.0,0.00425531914893617
Nelson_2002,https://openalex.org/W2022187355,1,0.0015374388802028007,0.17746549657090716,cache,True,0.06034371896701693,24,10,0.0,1.0,0.015625,1.0,4.0,0.02877697841726619,1.0,5.0,0.021367521367521368
Nelson_2002,https://openalex.org/W2045913584,1,0.017821653414604576,0.08828343311687212,cache,True,0.0916961414578145,28,10,0.0,0.0,0.0,0.0,9.0,0.06474820143884892,0.0,11.0,0.04721030042918455
Nelson_2002,https://openalex.org/W2142604492,1,0.017816263466569077,0.10842469621661309,cache,True,0.003870524775624745,47,10,0.0,0.0,0.0,0.0,0.0,0.0,0.0,4.0,0.015444015444015444
Nelson_2002,https://openalex.org/W2113533145,1,0.018393663525077913,0.03284326608152273,cache,True,0.026328573293384172,19,10,0.0,0.0,0.0,0.0,0.0,0.0,0.0,0.0,0.0
Nelson_2002,https://openalex.org/W1978583360,0,0.017821653414604576,0.1743047810255019,cache,True,0.038784077931913075,21,10,0.0,0.0,0.0,0.0,0.0,0.0,0.0,0.0,0.0
Nelson_2002,https://openalex.org/W2037099926,0,0.017814467172289652,0.09323109612990595,cache,True,0.02139912661520503,29,10,0.0,0.0,0.0,0.0,0.0,0.0,0.0,0.0,0.0
Nelson_2002,https://openalex.org/W1974663609,0,0.017816263466569077,0.020692199605291214,cache,True,-0.015099097575767745,35,10,0.0,0.0,0.0,0.0,0.0,0.0,0.0,0.0,0.0
Nelson_2002,https://openalex.org/W2031206742,0,0.017819457317090916,0.1084956665426098,cache,True,0.06703236981897284,58,10,0.0,0.0,0.0,0.0,0.0,0.0,0.0,1.0,0.003663003663003663
Nelson_2002,https://openalex.org/W1989688260,0,0.0015374388802028007,0.08554603587714162,cache,True,0.025814967211330628,28,10,0.0,0.0,0.0,0.0,0.0,0.0,0.0,0.0,0.0
Nelson_2002,https://openalex.org/W2103043920,0,0.017821653414604576,0.09043261077639987,cache,True,-0.00532530466480885,42,10,0.0,0.0,0.0,0.0,0.0,0.0,0.0,0.0,0.0
Nelson_2002,https://openalex.org/W2012205995,0,0.017814467172289652,0.1543189050945172,cache,True,0.07744615009891453,32,10,0.0,3.0,0.04225352112676056,0.0,3.0,0.020134228187919462,0.0,3.0,0.012244897959183673
Nelson_2002,https://openalex.org/W2133667885,0,0.017814666751768425,0.06438410369536443,cache,True,0.010058837618462463,19,10,0.0,0.0,0.0,0.0,0.0,0.0,0.0,0.0,0.0
Nelson_2002,https://openalex.org/W1996599354,0,0.017817660707140175,0.043585548184294026,cache,True,0.031625484862414344,30,10,0.0,0.0,0.0,0.0,2.0,0.013513513513513514,0.0,5.0,0.02074688796680498
Nelson_2002,https://openalex.org/W1976365229,0,0.017821653414604576,0.12340305373929991,cache,True,0.04703188695344676,27,10,0.0,0.0,0.0,0.0,0.0,0.0,0.0,0.0,0.0
van_der_Valk_2021,https://openalex.org/W2179093238,1,0.009504949286724797,0.09445566538867263,cache,True,0.08901753339382118,64,10,0.0,0.0,0.0,0.0,1.0,0.0035211267605633804,0.0,1.0,0.002617801047120419
van_der_Valk_2021,https://openalex.org/W2781512779,1,0.009504949286724797,0.12890462391043891,cache,True,0.07539009306376772,82,10,0.0,4.0,0.022222222222222223,0.0,8.0,0.02711864406779661,0.0,9.0,0.02295918367346939
van_der_Valk_2021,https://openalex.org/W2593635594,1,0.009505745341476343,0.15085453987157296,cache,True,0.07608401984253305,30,10,0.0,0.0,0.0,1.0,5.0,0.02032520325203252,1.0,12.0,0.03560830860534125
van_der_Valk_2021,https://openalex.org/W1987951226,1,0.009504471685553798,0.11744681856919602,cache,True,0.0061680114520587526,40,10,0.0,1.0,0.0070921985815602835,0.0,5.0,0.01953125,1.0,15.0,0.0436046511627907
van_der_Valk_2021,https://openalex.org/W2911774639,1,0.009505745341476343,0.07362666476154565,cache,True,0.027034946241834487,23,10,0.0,0.0,0.0,0.0,1.0,0.00411522633744856,0.0,1.0,0.002932551319648094
van_der_Valk_2021,https://openalex.org/W2952197677,1,0.009504949286724797,0.2718501335980918,cache,True,0.04676385368810654,48,10,0.0,2.0,0.013513513513513514,0.0,3.0,0.011278195488721804,0.0,3.0,0.008241758241758242
van_der_Valk_2021,https://openalex.org/W3020810195,1,0.009504471685553798,0.2112249487795826,cache,True,0.08874941025933725,26,10,0.0,3.0,0.024,0.0,6.0,0.024896265560165973,0.0,7.0,0.020710059171597635
van_der_Valk_2021,https://openalex.org/W2921445979,1,0.00950431249044358,0.15209313294597404,cache,True,0.11592201128607627,52,10,0.0,3.0,0.02,0.0,6.0,0.022556390977443608,0.0,6.0,0.016483516483516484
van_der_Valk_2021,https://openalex.org/W2044761599,1,0.009506859929003367,0.16200072056090176,cache,True,0.06834241955945818,40,10,0.0,4.0,0.028985507246376812,1.0,10.0,0.0398406374501992,1.0,14.0,0.04057971014492753
van_der_Valk_2021,https://openalex.org/W2911277958,1,0.00950431249044358,0.11407470419050666,cache,True,0.03528423982374683,59,10,0.0,4.0,0.025477707006369428,0.0,8.0,0.029411764705882353,0.0,19.0,0.052924791086350974
van_der_Valk_2021,https://openalex.org/W2728532422,0,0.00950431249044358,0.033162658110345564,cache,True,0.0488388979236746,26,10,0.0,0.0,0.0,0.0,0.0,0.0,0.0,0.0,0.0
van_der_Valk_2021,https://openalex.org/W2403997134,0,0.009504949286724797,0.10625332365753629,cache,True,0.06125031203401434,19,10,0.0,1.0,0.008333333333333333,0.0,4.0,0.01694915254237288,0.0,5.0,0.015015015015015015
van_der_Valk_2021,https://openalex.org/W2603684978,0,0.00950431249044358,0.043022310362230434,cache,True,0.020427134328021915,0,10,0.0,0.0,0.0,0.0,2.0,0.0091324200913242,0.0,2.0,0.006309148264984227
van_der_Valk_2021,https://openalex.org/W2792972871,0,0.00950431249044358,0.036417473818918335,cache,True,0.03695463706753103,37,10,0.0,0.0,0.0,0.0,2.0,0.0078125,0.0,2.0,0.005649717514124294
van_der_Valk_2021,https://openalex.org/W2188348669,0,0.00950431249044358,0.010366645280137317,cache,True,0.0037293437714089397,6,0,0.0,0.0,0.0,0.0,0.0,0.0,0.0,0.0,0.0
van_der_Valk_2021,https://openalex.org/W2080313127,0,0.009504949286724797,0.040062339776104565,cache,True,0.027913823696381356,0,10,0.0,0.0,0.0,0.0,1.0,0.004545454545454545,0.0,1.0,0.0031446540880503146
van_der_Valk_2021,https://openalex.org/W2044764304,0,0.009504949286724797,-0.023814294203357386,cache,True,0.0075457735891765465,14,10,0.0,1.0,0.008695652173913044,0.0,1.0,0.004273504273504274,0.0,1.0,0.0030120481927710845
van_der_Valk_2021,https://openalex.org/W4245051067,0,0.00950431249044358,-0.024589944572004478,cache,True,0.02793022060503282,0,10,0.0,0.0,0.0,0.0,0.0,0.0,0.0,0.0,0.0
van_der_Valk_2021,https://openalex.org/W1483199116,0,0.00950431249044358,0.13356036395878396,cache,True,0.07016915229811661,47,10,0.0,2.0,0.013605442176870748,0.0,3.0,0.011320754716981131,0.0,3.0,0.008264462809917356
van_der_Valk_2021,https://openalex.org/W3025428317,0,0.009510045177493565,0.17723284966397795,cache,True,0.03265344687430944,48,10,0.0,3.0,0.02040816326530612,0.0,5.0,0.01893939393939394,0.0,6.0,0.01662049861495845
Meijboom_2021,https://openalex.org/W3089681955,1,0.010619104359439876,0.3226772387016277,cache,True,0.053038543209230626,49,10,0.0,3.0,0.039473684210526314,0.0,10.0,0.08333333333333333,0.0,15.0,0.09615384615384616
Meijboom_2021,https://openalex.org/W2764082441,1,0.010614541255234136,0.18724214614938803,cache,True,0.04982793272331182,30,10,0.0,3.0,0.05357142857142857,0.0,5.0,0.047619047619047616,1.0,6.0,0.041379310344827586
Meijboom_2021,https://openalex.org/W2911287680,1,0.010617887342089538,0.15605675378211084,cache,True,0.0362023003581054,15,10,0.0,0.0,0.0,0.0,3.0,0.03225806451612903,0.0,3.0,0.022388059701492536
Meijboom_2021,https://openalex.org/W2792122651,1,0.010619104359439876,0.1906961596642962,cache,True,0.09052222791940613,13,10,0.0,0.0,0.0,0.0,2.0,0.021739130434782608,0.0,2.0,0.015037593984962405
Meijboom_2021,https://openalex.org/W3127592492,1,0.010619104359439876,0.2261008235972572,cache,True,0.036259779739055836,30,10,0.0,2.0,0.034482758620689655,0.0,3.0,0.027777777777777776,0.0,3.0,0.020134228187919462
Meijboom_2021,https://openalex.org/W3048797834,1,0.010615940401073774,0.11296990621619282,cache,True,0.06368337385551046,14,10,0.0,2.0,0.047619047619047616,0.0,2.0,0.021505376344086023,0.0,3.0,0.022556390977443608
Meijboom_2021,https://openalex.org/W2913890755,1,0.01061823891072029,0.11072693198330658,cache,True,0.049112261456623826,15,10,0.0,2.0,0.046511627906976744,0.0,4.0,0.043478260869565216,0.0,5.0,0.03787878787878788
Meijboom_2021,https://openalex.org/W3093730414,1,0.010617481700273249,0.1003268776541725,cache,True,0.029229135679924162,27,10,0.0,4.0,0.07547169811320754,0.0,6.0,0.058823529411764705,0.0,6.0,0.04195804195804196
Meijboom_2021,https://openalex.org/W2898096328,1,0.01061823891072029,0.07495552290744154,cache,True,0.03123404335411184,15,10,0.0,5.0,0.125,0.0,6.0,0.06666666666666667,0.0,7.0,0.05384615384615385
Meijboom_2021,https://openalex.org/W2774116866,1,0.010617481700273249,0.23530348053586467,cache,True,0.07832825558008549,40,10,0.0,1.0,0.014492753623188406,0.0,4.0,0.03418803418803419,0.0,4.0,0.02531645569620253
Meijboom_2021,https://openalex.org/W2531216194,0,0.010619104359439876,0.03606004126345916,cache,True,-0.014932418383088245,82,10,0.0,0.0,0.0,0.0,1.0,0.006172839506172839,0.0,2.0,0.009900990099009901
Meijboom_2021,https://openalex.org/W2549378917,0,0.010619212545430941,0.028076716714597404,cache,True,-0.04667556406777261,34,10,0.0,7.0,0.12280701754385964,0.0,7.0,0.06481481481481481,0.0,7.0,0.04697986577181208
Meijboom_2021,https://openalex.org/W2985840482,0,0.010618969128482586,0.050451207222182604,cache,True,-0.0028605604072199156,0,10,0.0,0.0,0.0,0.0,0.0,0.0,0.0,0.0,0.0
Meijboom_2021,https://openalex.org/W2917800966,0,0.010618779808001376,0.043861500572160976,cache,True,-0.025534737641973282,62,10,0.0,0.0,0.0,0.0,2.0,0.014184397163120567,0.0,4.0,0.022222222222222223
Meijboom_2021,https://openalex.org/W2310313429,0,0.010619185498831075,0.05766362985453896,cache,True,0.01439879785128155,29,10,0.0,1.0,0.017543859649122806,0.0,2.0,0.018691588785046728,0.0,2.0,0.013513513513513514
Meijboom_2021,https://openalex.org/W3000887545,0,0.010619104359439876,-0.006883564862196706,cache,True,-0.00653444277017589,3,10,0.0,9.0,0.375,0.0,10.0,0.13513513513513514,0.0,10.0,0.08695652173913043
Meijboom_2021,https://openalex.org/W2938370322,0,0.010619104359439876,0.0,cache,True,-0.025278479713994315,3,10,0.0,0.0,0.0,0.0,0.0,0.0,0.0,1.0,0.008064516129032258
Meijboom_2021,https://openalex.org/W2480851940,0,0.010619104359439876,0.11052595701913616,cache,True,0.020241745989547116,35,10,0.0,0.0,0.0,0.0,3.0,0.02654867256637168,0.0,5.0,0.03289473684210526
Meijboom_2021,https://openalex.org/W2889381861,0,0.010619212545430941,-0.03547989648876389,cache,True,-0.028822934736242825,5,10,0.0,1.0,0.029411764705882353,0.0,1.0,0.011764705882352941,0.0,1.0,0.007936507936507936
Meijboom_2021,https://openalex.org/W2117722893,0,0.010618779808001376,0.0037954830904315603,cache,True,0.0005031705606704517,79,10,0.0,0.0,0.0,0.0,0.0,0.0,0.0,0.0,0.0
Oud_2018,https://openalex.org/W2096356290,1,0.0013111965229425373,0.17674187739422426,cache,True,0.0313623046129716,53,10,0.0,7.0,0.05785123966942149,1.0,14.0,0.0660377358490566,1.0,15.0,0.05172413793103448
Oud_2018,https://openalex.org/W2002268935,0,0.01288513209619626,0.03509003132137443,cache,True,0.0037357264804650236,44,10,0.0,1.0,0.008547008547008548,0.0,3.0,0.014084507042253521,0.0,3.0,0.010273972602739725
Oud_2018,https://openalex.org/W2068470537,0,0.012885241197021636,-0.027834959291159485,cache,True,-0.012395398596888624,83,10,0.0,1.0,0.006369426751592357,0.0,1.0,0.00392156862745098,0.0,2.0,0.006006006006006006
Oud_2018,https://openalex.org/W1994796287,0,0.012884804799165997,0.0035904094621442284,cache,True,0.016230690167089404,0,10,0.0,0.0,0.0,0.0,0.0,0.0,0.0,0.0,0.0
Oud_2018,https://openalex.org/W2187271559,0,0.01288513209619626,-0.014784408715821235,cache,True,-0.013601418836014359,56,10,0.0,3.0,0.0234375,0.0,5.0,0.022321428571428572,0.0,5.0,0.0165016501650165
Oud_2018,https://openalex.org/W1969321104,0,0.012885241197021636,-0.02243539469831147,cache,True,-0.04151637248937302,38,10,0.0,0.0,0.0,0.0,0.0,0.0,0.0,0.0,0.0
Oud_2018,https://openalex.org/W2061352725,0,0.003079213361818003,0.046209174878977806,cache,True,-0.019810059897573326,72,10,0.0,2.0,0.013793103448275862,0.0,5.0,0.020833333333333332,0.0,8.0,0.02531645569620253
Oud_2018,https://openalex.org/W61611410,0,0.01288513209619626,0.013523351429847938,cache,True,-0.01019062849635835,0,10,0.0,0.0,0.0,0.0,0.0,0.0,0.0,0.0,0.0
Oud_2018,https://openalex.org/W1994404107,0,0.012884804799165997,0.019632551887297615,cache,True,0.0169781343009478,133,10,1.0,12.0,0.061224489795918366,1.0,14.0,0.04794520547945205,1.0,16.0,0.04336043360433604
Oud_2018,https://openalex.org/W2002091110,0,0.012885241197021636,-0.04241461470324706,cache,True,-0.05495224354629341,29,10,0.0,0.0,0.0,0.0,0.0,0.0,0.0,0.0,0.0
Oud_2018,https://openalex.org/W2328956903,0,0.012885241197021636,0.11247865810846902,cache,True,0.03099761637753505,46,10,0.0,0.0,0.0,0.0,2.0,0.009216589861751152,0.0,2.0,0.006756756756756757
Menon_2022,https://openalex.org/W2999401301,1,0.053695270063885914,0.06985695923961223,cache,True,-0.011832392571720113,48,10,0.0,0.0,0.0,0.0,0.0,0.0,0.0,0.0,0.0
Menon_2022,https://openalex.org/W3017013680,1,0.010802044006220904,0.13502606204837123,cache,False,nan,,,nan,nan,nan,nan,nan,nan,nan,nan,nan
Menon_2022,https://openalex.org/W3008143010,1,0.0536893620356352,0.1333496034425622,cache,True,0.022680445145804723,85,10,0.0,0.0,0.0,0.0,5.0,0.014084507042253521,0.0,5.0,0.00865051903114187
Menon_2022,https://openalex.org/W3006585406,1,0.0536893620356352,0.07910664651992766,cache,True,0.04253800111672407,130,10,0.0,0.0,0.0,0.0,0.0,0.0,0.0,1.0,0.0018450184501845018
Menon_2022,https://openalex.org/W2985765771,1,0.010805601651876974,0.1218674097023617,cache,True,0.004239656632142291,53,10,0.0,0.0,0.0,0.0,0.0,0.0,0.0,0.0,0.0
Menon_2022,https://openalex.org/W3014686162,1,0.0536893620356352,0.09972028459078804,cache,True,-0.013869949483578017,79,10,0.0,0.0,0.0,0.0,0.0,0.0,0.0,0.0,0.0
Menon_2022,https://openalex.org/W3012247440,1,0.0536893620356352,0.16764949212894137,cache,True,0.032339905121666554,72,10,0.0,0.0,0.0,0.0,3.0,0.00872093023255814,0.0,3.0,0.005291005291005291
Menon_2022,https://openalex.org/W3020494631,1,0.010805148796336931,0.030605081225168612,cache,True,-0.024642483957988418,27,10,0.0,0.0,0.0,0.0,0.0,0.0,0.0,0.0,0.0
Menon_2022,https://openalex.org/W2985113252,1,0.05367862173333743,0.07384672810230919,cache,True,-0.02428156320892734,63,10,0.0,0.0,0.0,0.0,0.0,0.0,0.0,0.0,0.0
Menon_2022,https://openalex.org/W2989222914,1,0.010802044006220904,0.13518274033760613,cache,True,0.01908011707991157,90,10,0.0,0.0,0.0,0.0,0.0,0.0,0.0,0.0,0.0
Menon_2022,https://openalex.org/W3010885793,0,0.010803855026658617,0.11331511420551973,cache,True,0.028302023084203515,53,10,0.0,0.0,0.0,0.0,1.0,0.0030581039755351682,0.0,1.0,0.0018181818181818182
Menon_2022,https://openalex.org/W2996818840,0,0.010806119224018114,0.07842863115858491,cache,True,-0.004052375640791597,85,10,0.0,0.0,0.0,0.0,0.0,0.0,0.0,0.0,0.0
Menon_2022,https://openalex.org/W3020263606,0,0.010806119224018114,0.035453307056556346,cache,True,-0.07142195692179416,49,10,0.0,0.0,0.0,0.0,0.0,0.0,0.0,0.0,0.0
Menon_2022,https://openalex.org/W3018612201,0,0.010806119224018114,0.06158253246084236,cache,True,-0.046913874581516614,47,10,0.0,0.0,0.0,0.0,0.0,0.0,0.0,0.0,0.0
Menon_2022,https://openalex.org/W3024115300,0,0.010805148796336931,0.026957886835569454,cache,True,-0.07876156086035921,48,10,0.0,0.0,0.0,0.0,0.0,0.0,0.0,0.0,0.0
Menon_2022,https://openalex.org/W2961806271,0,0.0536893620356352,0.07250889110788324,cache,True,-0.026257450179453842,56,10,0.0,0.0,0.0,0.0,0.0,0.0,0.0,0.0,0.0
Menon_2022,https://openalex.org/W3013064054,0,0.010803855026658617,0.15890136829783363,cache,True,-0.006280161263070738,33,10,0.0,0.0,0.0,0.0,1.0,0.003257328990228013,0.0,1.0,0.0018867924528301887
Menon_2022,https://openalex.org/W3033415599,0,0.010806119224018114,0.08120003742370874,cache,True,-0.0014601369543734075,108,10,0.0,0.0,0.0,0.0,0.0,0.0,0.0,0.0,0.0
Menon_2022,https://openalex.org/W3019024509,0,0.010806119224018114,0.07402985147208863,cache,True,-0.06104029935935587,66,10,0.0,0.0,0.0,0.0,1.0,0.0029411764705882353,0.0,1.0,0.0017761989342806395
Menon_2022,https://openalex.org/W3000312615,0,0.010806119224018114,0.10953263531161815,cache,True,0.0074058889776452835,50,10,0.0,0.0,0.0,0.0,0.0,0.0,0.0,0.0,0.0
Jeyaraman_2020,https://openalex.org/W2990325718,1,0.020210683290034316,0.2897383994691468,cache,True,0.07655384904058439,54,10,0.0,0.0,0.0,0.0,2.0,0.00816326530612245,0.0,2.0,0.005988023952095809
Jeyaraman_2020,https://openalex.org/W2295571328,1,0.020210875114821863,0.22004927235731453,cache,True,0.02610966226289016,43,10,0.0,3.0,0.02727272727272727,0.0,6.0,0.02608695652173913,0.0,6.0,0.018808777429467086
Jeyaraman_2020,https://openalex.org/W2009786866,1,0.02020857333449669,0.05470684959748176,cache,True,0.011741830342972798,33,10,0.0,7.0,0.07291666666666667,0.0,8.0,0.03669724770642202,0.0,11.0,0.03618421052631579
Jeyaraman_2020,https://openalex.org/W2196967344,1,0.020211028575929012,0.16476887813165242,cache,True,0.05454178667321885,45,10,1.0,4.0,0.036036036036036036,1.0,11.0,0.048458149779735685,1.0,15.0,0.04807692307692308
Jeyaraman_2020,https://openalex.org/W2055110769,1,0.020210875114821863,0.08495110303074109,cache,True,0.037480257799250544,35,10,1.0,10.0,0.10526315789473684,1.0,14.0,0.06542056074766354,1.0,16.0,0.053156146179401995
Jeyaraman_2020,https://openalex.org/W2904714324,1,0.020210875114821863,0.1571794498915387,cache,True,0.037737569609729044,32,10,0.0,0.0,0.0,1.0,4.0,0.01809954751131222,1.0,7.0,0.02280130293159609
Jeyaraman_2020,https://openalex.org/W2025577300,1,0.0202109902105458,0.08597993404757324,cache,True,0.0312859809211912,42,10,1.0,3.0,0.027777777777777776,1.0,4.0,0.017391304347826087,1.0,4.0,0.012539184952978056
Jeyaraman_2020,https://openalex.org/W2079333649,1,0.020210875114821863,0.10096922007463105,cache,True,0.02819093156058075,41,10,0.0,4.0,0.037383177570093455,0.0,6.0,0.02631578947368421,0.0,8.0,0.025396825396825397
Jeyaraman_2020,https://openalex.org/W2509439226,1,0.020210414738312022,0.13443441442877388,cache,True,0.06927690239943823,28,10,0.0,0.0,0.0,0.0,1.0,0.004545454545454545,0.0,1.0,0.003236245954692557
Jeyaraman_2020,https://openalex.org/W2133096089,1,0.020211028575929012,0.1258578679896306,cache,True,0.05483338712384986,36,10,1.0,11.0,0.11578947368421053,1.0,12.0,0.055299539170506916,1.0,12.0,0.0392156862745098
Jeyaraman_2020,https://openalex.org/W2603885910,0,0.020210414738312022,0.16122891325504396,cache,True,0.03615527796764022,12,10,0.0,0.0,0.0,0.0,0.0,0.0,0.0,1.0,0.0034129692832764505
Jeyaraman_2020,https://openalex.org/W2098557080,0,0.020211028575929012,0.06115804042129905,cache,True,0.05820777553450094,40,10,0.0,4.0,0.03773584905660377,0.0,4.0,0.017467248908296942,0.0,6.0,0.0189873417721519
Jeyaraman_2020,https://openalex.org/W2905952677,0,0.020211028575929012,0.0425757567367418,cache,True,-0.017050933417070258,0,10,0.0,0.0,0.0,0.0,0.0,0.0,0.0,0.0,0.0
Jeyaraman_2020,https://openalex.org/W2086394725,0,0.019712931746511297,0.17300033584749894,cache,True,0.0695032999397615,51,10,0.0,6.0,0.05217391304347826,0.0,9.0,0.03829787234042553,0.0,11.0,0.034161490683229816
Jeyaraman_2020,https://openalex.org/W2934397008,0,0.020211028575929012,0.10369422401986755,cache,True,0.010440188877619036,28,10,0.0,1.0,0.010309278350515464,0.0,1.0,0.004545454545454545,0.0,1.0,0.003236245954692557
Jeyaraman_2020,https://openalex.org/W2944966022,0,0.020210414738312022,0.05801628006805934,cache,True,0.0159070399425795,6,10,0.0,1.0,0.013333333333333334,0.0,4.0,0.020512820512820513,0.0,5.0,0.0176678445229682
Jeyaraman_2020,https://openalex.org/W2769942584,0,0.020210875114821863,0.07079792178239634,cache,True,0.05052194617514657,30,10,1.0,1.0,0.010101010101010102,1.0,2.0,0.00904977375565611,1.0,2.0,0.0064516129032258064
Jeyaraman_2020,https://openalex.org/W2015570933,0,0.020210414738312022,0.06804645318991037,cache,True,0.04276972473768309,31,10,1.0,5.0,0.052083333333333336,1.0,5.0,0.0228310502283105,1.0,5.0,0.016233766233766232
Jeyaraman_2020,https://openalex.org/W2101759648,0,0.020210414738312022,0.005736429998752835,cache,True,0.029469927338833246,119,10,0.0,0.0,0.0,0.0,2.0,0.0064516129032258064,0.0,2.0,0.005012531328320802
Jeyaraman_2020,https://openalex.org/W3152811302,0,0.0202109902105458,0.004849193959290954,cache,True,0.028192143458341326,60,10,0.0,0.0,0.0,0.0,0.0,0.0,0.0,0.0,0.0
Chou_2004,https://openalex.org/W2013721829,1,0.0019465708655086271,0.07316059548744912,cache,True,-0.039735865529655315,35,10,0.0,0.0,0.0,0.0,0.0,0.0,0.0,0.0,0.0
Chou_2004,https://openalex.org/W2146359394,1,0.0019477594707593335,0.025957870232387048,cache,True,-0.03845575855966563,0,10,0.0,0.0,0.0,0.0,0.0,0.0,0.0,0.0,0.0
Chou_2004,https://openalex.org/W2028987665,1,0.0019477743328962813,0.004982886631564883,cache,True,-0.04578032260060441,9,10,0.0,0.0,0.0,0.0,1.0,0.01,0.0,1.0,0.00641025641025641
Chou_2004,https://openalex.org/W2036517832,1,0.0007953087362903389,-0.027813899265979904,cache,True,-0.008178936085549315,0,10,0.0,0.0,0.0,0.0,0.0,0.0,0.0,0.0,0.0
Chou_2004,https://openalex.org/W15533634,1,0.0019477594707593335,0.02633193058236773,cache,True,-0.030938713614326416,0,10,0.0,0.0,0.0,0.0,0.0,0.0,0.0,0.0,0.0
Chou_2004,https://openalex.org/W1508296484,1,0.0019477594707593335,-0.0009294464117191835,cache,True,-0.025615619888650014,0,10,0.0,0.0,0.0,0.0,0.0,0.0,0.0,0.0,0.0
Chou_2004,https://openalex.org/W2070011903,1,0.0019477148850258258,0.028414430599437317,cache,True,-0.01831464870681368,39,10,0.0,0.0,0.0,1.0,4.0,0.04597701149425287,1.0,4.0,0.025477707006369428
Chou_2004,https://openalex.org/W2013386935,0,0.0019477594707593335,-0.04439077343578682,cache,True,-0.026860144696120046,18,10,0.0,0.0,0.0,0.0,0.0,0.0,0.0,0.0,0.0
Chou_2004,https://openalex.org/W1984191820,0,0.0019477594707593335,0.05877614295007734,cache,True,0.00965092032873438,0,10,0.0,0.0,0.0,0.0,0.0,0.0,0.0,0.0,0.0
Chou_2004,https://openalex.org/W2277312589,0,0.0019477743328962813,-0.08546892953286847,cache,True,-0.08235020463555613,0,10,0.0,0.0,0.0,0.0,0.0,0.0,0.0,0.0,0.0
Chou_2004,https://openalex.org/W4245251215,0,0.0007961302320980835,0.01471669205308769,cache,True,-0.027173451731429998,33,10,0.0,0.0,0.0,0.0,1.0,0.011904761904761904,0.0,1.0,0.006493506493506494
Chou_2004,https://openalex.org/W1998116954,0,0.001947536552251405,-0.006092124647678592,cache,True,-0.026289893271642505,6,10,0.0,0.0,0.0,0.0,1.0,0.017543859649122806,0.0,1.0,0.007874015748031496
Chou_2004,https://openalex.org/W1982885807,0,0.0019477743328962813,-0.05092923788634225,cache,True,-0.022579765718991715,21,10,0.0,0.0,0.0,0.0,0.0,0.0,0.0,0.0,0.0
Chou_2004,https://openalex.org/W2018569432,0,0.0019477148850258258,0.003721994109098415,cache,True,-0.0027724098828863647,0,10,0.0,0.0,0.0,0.0,1.0,0.0196078431372549,0.0,1.0,0.008264462809917356
Chou_2004,https://openalex.org/W72436669,0,0.0019477743328962813,-0.02415217943284181,cache,True,-0.009716861136289168,0,10,0.0,0.0,0.0,0.0,0.0,0.0,0.0,0.0,0.0
Chou_2004,https://openalex.org/W2004951475,0,0.0015374388802028007,0.006641210711992689,cache,True,-0.03473559430570241,15,10,0.0,0.0,0.0,0.0,1.0,0.015151515151515152,0.0,1.0,0.007352941176470588
Chou_2004,https://openalex.org/W2440605014,0,0.0019477743328962813,-0.0007550699249774277,cache,True,-0.006343769400832526,45,10,0.0,0.0,0.0,0.0,0.0,0.0,0.0,0.0,0.0
Chou_2003,https://openalex.org/W2052993135,1,0.010558751535382528,0.37737738051663006,cache,True,0.04295508255268557,9,10,0.0,0.0,0.0,0.0,2.0,0.00684931506849315,1.0,2.0,0.006060606060606061
Chou_2003,https://openalex.org/W2472926247,1,0.010558751535382528,-0.016302299372312257,cache,True,-0.028729386968833467,22,10,0.0,0.0,0.0,0.0,0.0,0.0,0.0,0.0,0.0
Chou_2003,https://openalex.org/W2132469876,1,0.010558692632332584,0.06731735389805912,cache,True,0.04279225386972407,177,10,0.0,0.0,0.0,0.0,1.0,0.003424657534246575,0.0,2.0,0.006060606060606061
Chou_2003,https://openalex.org/W2084152520,1,0.010558692632332584,0.2971825672649214,cache,True,0.014402722181599603,63,10,0.0,0.0,0.0,0.0,3.0,0.010273972602739725,1.0,5.0,0.015151515151515152
Chou_2003,https://openalex.org/W2290133626,1,0.010558692632332584,0.2986227314125669,cache,True,0.03364363112850324,0,10,0.0,0.0,0.0,0.0,0.0,0.0,0.0,0.0,0.0
Chou_2003,https://openalex.org/W2062755530,1,0.0008193226114803461,0.02653468867947572,cache,True,0.006543843250883669,0,10,0.0,0.0,0.0,0.0,0.0,0.0,0.0,0.0,0.0
Chou_2003,https://openalex.org/W2117950925,1,0.010558782389490338,0.32103370561802785,cache,True,-0.012496567723623286,46,10,0.0,0.0,0.0,1.0,8.0,0.024844720496894408,1.0,10.0,0.0273224043715847
Chou_2003,https://openalex.org/W2007733326,0,0.010558681412740743,0.050678922401637266,cache,True,0.0033115775611555764,18,10,0.0,0.0,0.0,0.0,0.0,0.0,0.0,0.0,0.0
Chou_2003,https://openalex.org/W2019569027,0,0.010558684217637615,-0.02139680338867113,cache,True,-0.034894671873061556,15,10,0.0,0.0,0.0,0.0,0.0,0.0,0.0,0.0,0.0
Chou_2003,https://openalex.org/W2075716831,0,0.010558684217637615,0.08095070116046346,cache,True,0.018455552076592968,11,10,0.0,0.0,0.0,0.0,0.0,0.0,0.0,0.0,0.0
Chou_2003,https://openalex.org/W2335579371,0,0.010558692632332584,0.02559577818843608,cache,True,0.02619630872992912,30,10,0.0,0.0,0.0,0.0,6.0,0.019417475728155338,0.0,7.0,0.01977401129943503
Chou_2003,https://openalex.org/W2216586479,0,0.010558681412740743,0.02311349836117497,cache,True,-0.023409788510454332,3,10,0.0,0.0,0.0,0.0,0.0,0.0,0.0,0.0,0.0
Chou_2003,https://openalex.org/W2171652630,0,0.010558681412740743,0.051754845367873614,cache,True,-0.05619014212245997,84,10,0.0,0.0,0.0,0.0,1.0,0.002717391304347826,0.0,1.0,0.0024154589371980675
Chou_2003,https://openalex.org/W4243305461,0,0.010558684217637615,-0.02599195829982943,cache,True,-0.015195277426042354,23,10,0.0,0.0,0.0,0.0,0.0,0.0,0.0,0.0,0.0
Chou_2003,https://openalex.org/W2402661466,0,0.010558681412740743,0.04440622035465301,cache,True,0.0025359177001042787,15,10,0.0,1.0,0.02631578947368421,0.0,2.0,0.006711409395973154,0.0,2.0,0.005813953488372093
Chou_2003,https://openalex.org/W2155596369,0,0.010558681412740743,0.06252181082399513,cache,True,0.018931600409124227,7,10,0.0,0.0,0.0,0.0,1.0,0.003436426116838488,0.0,1.0,0.002967359050445104
Chou_2003,https://openalex.org/W2077990975,0,0.010558782389490338,0.05503604945760695,cache,True,-0.0022299247112878007,10,10,0.0,0.0,0.0,0.0,0.0,0.0,0.0,1.0,0.0029411764705882353
van_der_Waal_2022,https://openalex.org/W2754495680,1,0.015862382710772456,0.19520928663510262,cache,True,-0.025208391252021206,31,10,0.0,2.0,0.023255813953488372,0.0,5.0,0.029411764705882353,0.0,8.0,0.03375527426160337
van_der_Waal_2022,https://openalex.org/W1978275750,1,0.0010900723220077725,0.19508423937791292,cache,True,0.010319381078478795,42,10,0.0,1.0,0.01020408163265306,0.0,4.0,0.023529411764705882,0.0,7.0,0.029535864978902954
van_der_Waal_2022,https://openalex.org/W2565759034,1,0.015861998615439184,0.18065527273917928,cache,True,0.050076546274484185,36,10,0.0,3.0,0.03333333333333333,0.0,10.0,0.06329113924050633,0.0,17.0,0.07172995780590717
van_der_Waal_2022,https://openalex.org/W1981637939,1,0.0010900723220077725,0.16460742328023742,cache,True,0.06577874592613789,33,10,0.0,3.0,0.03488372093023256,0.0,3.0,0.018633540372670808,0.0,3.0,0.012295081967213115
van_der_Waal_2022,https://openalex.org/W1990677988,1,0.029788572334966887,0.093876820343639,cache,True,0.028053682647156575,36,10,0.0,2.0,0.023255813953488372,0.0,4.0,0.023529411764705882,0.0,6.0,0.02531645569620253
van_der_Waal_2022,https://openalex.org/W1514161468,1,0.015862382710772456,0.23638987562645342,cache,True,-0.019386760035562056,41,10,0.0,4.0,0.0425531914893617,0.0,9.0,0.054878048780487805,0.0,10.0,0.04065040650406504
van_der_Waal_2022,https://openalex.org/W2029503514,0,0.01586228668609396,0.16127729618105335,cache,True,0.0129078856738431,14,10,0.0,0.0,0.0,0.0,0.0,0.0,0.0,0.0,0.0
van_der_Waal_2022,https://openalex.org/W2887809138,0,0.01586084638353657,0.02865758940719674,cache,True,-0.012386438480742896,62,10,0.0,0.0,0.0,0.0,0.0,0.0,0.0,0.0,0.0
van_der_Waal_2022,https://openalex.org/W1934374913,0,0.015862382710772456,-0.009065043085231449,cache,True,0.0017690405707579057,16,10,0.0,0.0,0.0,0.0,0.0,0.0,0.0,0.0,0.0
van_der_Waal_2022,https://openalex.org/W2093194558,0,0.01586228668609396,-0.015327091282225511,cache,True,-0.026679065122243814,90,10,0.0,0.0,0.0,0.0,0.0,0.0,0.0,0.0,0.0
van_der_Waal_2022,https://openalex.org/W2768895481,0,0.015861782565776097,0.11610111516514116,cache,True,0.036688007768920436,37,10,0.0,0.0,0.0,0.0,1.0,0.005952380952380952,0.0,1.0,0.00398406374501992
van_der_Waal_2022,https://openalex.org/W3003134945,0,0.015862166656038196,0.058324398826169264,cache,True,-0.003000809013642622,55,10,0.0,0.0,0.0,0.0,0.0,0.0,0.0,0.0,0.0
van_der_Waal_2022,https://openalex.org/W2029482052,0,0.015862166656038196,0.013362654706388841,cache,True,0.014054627135841491,53,10,0.0,0.0,0.0,0.0,0.0,0.0,0.0,0.0,0.0
van_der_Waal_2022,https://openalex.org/W3032267780,0,0.015862382710772456,0.010593796936046,cache,True,0.010955007627578865,66,10,0.0,0.0,0.0,0.0,0.0,0.0,0.0,0.0,0.0
van_der_Waal_2022,https://openalex.org/W3097490979,0,0.015862382710772456,-0.020712709175301276,cache,True,-0.023104848652985455,29,10,0.0,0.0,0.0,0.0,0.0,0.0,0.0,0.0,0.0
van_der_Waal_2022,https://openalex.org/W2980875203,0,0.015862358704550012,0.18313998834642461,cache,True,0.020647797589696024,21,10,0.0,0.0,0.0,0.0,0.0,0.0,0.0,0.0,0.0
Smid_2020,https://openalex.org/W1984862890,1,0.028737086792897597,0.05534978553826274,cache,True,-0.018625558041563864,20,10,0.0,0.0,0.0,0.0,1.0,0.004310344827586207,0.0,1.0,0.0033112582781456954
Smid_2020,https://openalex.org/W1971638368,1,0.011614062202975253,0.09672862913520255,cache,True,-0.0024844867614727817,29,10,0.0,0.0,0.0,0.0,3.0,0.012552301255230125,1.0,3.0,0.009708737864077669
Smid_2020,https://openalex.org/W2755730676,1,0.00135355083697544,0.21784168880918142,cache,True,0.01034618113229041,47,10,0.0,4.0,0.04040404040404041,1.0,12.0,0.04838709677419355,1.0,18.0,0.057692307692307696
Smid_2020,https://openalex.org/W2166224031,0,0.0013535801377396936,0.06646878318336025,cache,True,0.004456316322264536,60,10,0.0,2.0,0.017543859649122806,0.0,2.0,0.007380073800738007,0.0,2.0,0.005865102639296188
Smid_2020,https://openalex.org/W2587597800,0,0.0013535057601107886,0.06115474488996653,cache,True,0.012881954199890952,37,10,0.0,0.0,0.0,0.0,2.0,0.008064516129032258,0.0,2.0,0.006289308176100629
Smid_2020,https://openalex.org/W1880117134,0,0.0013534787147100656,0.07020758914262559,cache,True,0.06832665194189019,39,10,0.0,0.0,0.0,0.0,0.0,0.0,0.0,0.0,0.0
Smid_2020,https://openalex.org/W2002164054,0,0.0013535801377396936,0.07974432179796895,cache,True,0.0505718367681232,41,10,0.0,0.0,0.0,0.0,1.0,0.003952569169960474,0.0,1.0,0.0030959752321981426
Smid_2020,https://openalex.org/W1973443859,0,0.0013534787147100656,0.0742056907504174,cache,True,0.024448954825672074,28,10,0.0,0.0,0.0,0.0,0.0,0.0,0.0,0.0,0.0
Smid_2020,https://openalex.org/W2101826094,0,0.03302223078638233,0.09051064169794912,cache,True,0.014832122829019134,105,10,0.0,6.0,0.03870967741935484,0.0,8.0,0.025806451612903226,0.0,8.0,0.021052631578947368
Smid_2020,https://openalex.org/W2016377072,0,0.0013535057601107886,-0.030674217976918106,cache,True,-0.021510421071101446,35,10,0.0,0.0,0.0,0.0,0.0,0.0,0.0,0.0,0.0
Smid_2020,https://openalex.org/W2034712399,0,0.0013534787147100656,0.05053866355482847,cache,True,-0.002747583070676768,14,10,0.0,0.0,0.0,0.0,0.0,0.0,0.0,0.0,0.0
Smid_2020,https://openalex.org/W2314370049,0,0.001353526044514753,0.11054139960363334,cache,True,-0.007560541852020972,44,10,0.0,0.0,0.0,0.0,0.0,0.0,0.0,0.0,0.0
Smid_2020,https://openalex.org/W2019605848,0,0.0013534787147100656,0.19515154777087237,cache,True,0.008243138894251767,58,10,0.0,0.0,0.0,0.0,0.0,0.0,0.0,0.0,0.0
Muthu_2021,https://openalex.org/W2314625554,1,0.01099973745025532,0.11282196177488599,cache,True,0.027312524187190032,50,10,0.0,0.0,0.0,0.0,0.0,0.0,0.0,0.0,0.0
Muthu_2021,https://openalex.org/W1971967018,1,0.011030627993492921,0.041527557070744826,cache,True,0.03143328311511203,6,10,0.0,0.0,0.0,0.0,0.0,0.0,0.0,0.0,0.0
Muthu_2021,https://openalex.org/W2569136341,1,0.011024001369941862,0.048194676593661924,cache,True,0.006520405072317714,0,10,0.0,0.0,0.0,0.0,0.0,0.0,0.0,0.0,0.0
Muthu_2021,https://openalex.org/W2011922368,1,0.01102952328294614,0.06678278245953734,cache,True,0.01366924619987138,42,10,0.0,2.0,0.02531645569620253,0.0,4.0,0.025974025974025976,0.0,4.0,0.017167381974248927
Muthu_2021,https://openalex.org/W2326387656,1,0.01102952328294614,0.0372225089100574,cache,True,-0.0013755589391207107,39,10,0.0,0.0,0.0,0.0,0.0,0.0,0.0,1.0,0.004291845493562232
Muthu_2021,https://openalex.org/W2982681481,1,0.01102952328294614,0.06852594018105924,cache,True,0.007028435101072872,24,10,0.0,0.0,0.0,0.0,0.0,0.0,0.0,0.0,0.0
Muthu_2021,https://openalex.org/W2057373596,1,0.011027314189764922,0.06215475606022709,cache,True,0.013840426558851121,20,10,0.0,0.0,0.0,0.0,0.0,0.0,0.0,0.0,0.0
Muthu_2021,https://openalex.org/W1943622456,1,0.011030627993492921,0.05650702474729262,cache,True,-0.006025016775017947,29,10,0.0,1.0,0.014925373134328358,0.0,1.0,0.006944444444444444,0.0,1.0,0.004484304932735426
Muthu_2021,https://openalex.org/W2035935211,1,0.01103021371422995,0.06422221226996228,cache,True,0.023759920497381716,39,10,0.0,0.0,0.0,0.0,2.0,0.013071895424836602,0.0,2.0,0.008620689655172414
Muthu_2021,https://openalex.org/W2327406862,1,0.01103021371422995,0.06481084272254026,cache,True,0.01872548582349192,41,10,0.0,0.0,0.0,0.0,0.0,0.0,0.0,0.0,0.0
Muthu_2021,https://openalex.org/W1989096197,0,0.011030766089995892,0.022231312479216923,cache,True,0.011534514780090946,40,10,0.0,0.0,0.0,0.0,0.0,0.0,0.0,0.0,0.0
Muthu_2021,https://openalex.org/W2083897660,0,0.011030766089995892,0.03912284491360403,cache,True,0.005255573570267409,30,10,0.0,0.0,0.0,0.0,0.0,0.0,0.0,0.0,0.0
Muthu_2021,https://openalex.org/W2162691489,0,0.011030766089995892,0.020895689451483603,cache,True,0.010428274435147919,11,10,0.0,0.0,0.0,0.0,0.0,0.0,0.0,0.0,0.0
Muthu_2021,https://openalex.org/W2299328516,0,0.011027314189764922,0.10312088003260256,cache,True,-0.0034959969004319663,0,10,0.0,0.0,0.0,0.0,0.0,0.0,0.0,0.0,0.0
Muthu_2021,https://openalex.org/W1979961426,0,0.011030766089995892,0.026106499767935897,cache,True,-0.00044665597100874976,21,10,0.0,0.0,0.0,0.0,0.0,0.0,0.0,0.0,0.0
Muthu_2021,https://openalex.org/W2034473400,0,0.011030766089995892,0.030633527820274717,cache,True,0.000177346721242852,29,10,0.0,0.0,0.0,0.0,0.0,0.0,0.0,0.0,0.0
Muthu_2021,https://openalex.org/W1992077449,0,0.01102952328294614,0.0007403091772681045,cache,True,-0.0066585489406219,53,10,0.0,0.0,0.0,0.0,0.0,0.0,0.0,0.0,0.0
Muthu_2021,https://openalex.org/W2048534628,0,0.011028556750877789,0.005171539959902747,cache,True,0.008457249213396294,11,10,0.0,0.0,0.0,0.0,0.0,0.0,0.0,0.0,0.0
Muthu_2021,https://openalex.org/W2168733054,0,0.011021931357325734,0.0746802277966373,cache,True,-0.005650691793138388,22,10,0.0,6.0,0.10909090909090909,0.0,6.0,0.045454545454545456,0.0,6.0,0.02843601895734597
Muthu_2021,https://openalex.org/W1991103143,0,0.011030766089995892,0.0004632011416079336,cache,True,-0.01929653748305983,32,10,0.0,0.0,0.0,0.0,0.0,0.0,0.0,0.0,0.0
Appenzeller-Herzog_2019,https://openalex.org/W1534330089,1,0.011226392519145943,0.12799047529027627,cache,True,0.04950876979375761,28,10,1.0,17.0,0.265625,2.0,22.0,0.18032786885245902,2.0,23.0,0.14935064935064934
Appenzeller-Herzog_2019,https://openalex.org/W2141060691,1,0.011226462129407814,0.17624474921297492,cache,True,0.053416142865780586,36,10,0.0,2.0,0.022988505747126436,1.0,9.0,0.06521739130434782,1.0,9.0,0.05
Appenzeller-Herzog_2019,https://openalex.org/W122745426,1,0.0009340159665856807,0.03096072053571653,cache,True,0.039766146472215116,0,10,0.0,0.0,0.0,0.0,0.0,0.0,0.0,0.0,0.0
Appenzeller-Herzog_2019,https://openalex.org/W2161382529,1,0.011226462129407814,0.1064393443334895,cache,True,0.03917161423035362,34,10,0.0,3.0,0.03571428571428571,0.0,14.0,0.10687022900763359,0.0,15.0,0.0872093023255814
Appenzeller-Herzog_2019,https://openalex.org/W2906450930,1,0.011226392519145943,0.13061391199604852,cache,True,0.021299325687095555,0,10,0.0,0.0,0.0,0.0,0.0,0.0,0.0,0.0,0.0
Appenzeller-Herzog_2019,https://openalex.org/W1563368366,1,0.012306440918273572,0.054516869884037075,cache,True,0.042768093836124704,35,10,0.0,5.0,0.060240963855421686,0.0,10.0,0.07352941176470588,0.0,11.0,0.062146892655367235
Appenzeller-Herzog_2019,https://openalex.org/W2015443313,1,0.011226895269454504,0.07097310718114772,cache,True,0.03835222217413803,32,10,0.0,3.0,0.036585365853658534,0.0,10.0,0.07518796992481203,0.0,10.0,0.05714285714285714
Appenzeller-Herzog_2019,https://openalex.org/W2415851885,1,0.011226299706123108,0.05596392448922997,cache,True,0.03317803457872677,59,10,0.0,1.0,0.009009009009009009,0.0,3.0,0.017964071856287425,0.0,4.0,0.019230769230769232
Appenzeller-Herzog_2019,https://openalex.org/W2026996728,1,0.01122720466525379,0.12874125507386608,cache,True,0.02081949582335091,0,10,0.0,9.0,0.20454545454545456,0.0,10.0,0.09900990099009901,0.0,10.0,0.06993006993006994
Appenzeller-Herzog_2019,https://openalex.org/W1525689595,1,0.011226299706123108,0.2666990052124758,cache,True,0.013414269747251031,43,10,1.0,22.0,0.2972972972972973,1.0,25.0,0.1937984496124031,2.0,25.0,0.14619883040935672
Appenzeller-Herzog_2019,https://openalex.org/W1988934234,0,0.011227042231414755,0.1700992315694059,cache,True,0.05032714036456229,27,10,0.0,1.0,0.012658227848101266,0.0,5.0,0.03759398496240601,0.0,6.0,0.034482758620689655
Appenzeller-Herzog_2019,https://openalex.org/W2471191767,0,0.011226299706123108,0.03336169831821892,cache,True,-0.0029662947662346117,0,10,0.0,0.0,0.0,0.0,0.0,0.0,0.0,0.0,0.0
Appenzeller-Herzog_2019,https://openalex.org/W1966598746,0,0.011226392519145943,0.06347489465800496,cache,True,0.044594784168637214,17,10,0.0,1.0,0.014492753623188406,0.0,5.0,0.04065040650406504,0.0,5.0,0.030303030303030304
Appenzeller-Herzog_2019,https://openalex.org/W2403776002,0,0.011226268768616375,-0.06024886693309716,cache,True,-0.026167642582529488,0,10,0.0,0.0,0.0,0.0,0.0,0.0,0.0,0.0,0.0
Appenzeller-Herzog_2019,https://openalex.org/W2398046618,0,0.011226338378124331,0.03599480724583447,cache,True,0.00651249521988545,0,10,0.0,0.0,0.0,0.0,0.0,0.0,0.0,0.0,0.0
Appenzeller-Herzog_2019,https://openalex.org/W2783985141,0,0.011226268768616375,0.022478617462957116,cache,True,-0.024901838159816933,136,10,0.0,1.0,0.005319148936170213,0.0,2.0,0.00816326530612245,0.0,4.0,0.014035087719298246
Appenzeller-Herzog_2019,https://openalex.org/W2049681146,0,0.011226268768616375,-0.022646470396900573,cache,True,-0.012325312233226929,65,10,0.0,0.0,0.0,0.0,0.0,0.0,0.0,0.0,0.0
Appenzeller-Herzog_2019,https://openalex.org/W2140078554,0,0.01122720466525379,0.06337306887135838,cache,True,0.020503500862207334,69,10,0.0,5.0,0.04310344827586207,0.0,8.0,0.04678362573099415,0.0,9.0,0.04245283018867924
Appenzeller-Herzog_2019,https://openalex.org/W2101940067,0,0.011226338378124331,0.15839437193084788,cache,True,0.03786673136316165,2,10,0.0,0.0,0.0,0.0,0.0,0.0,0.0,0.0,0.0
Appenzeller-Herzog_2019,https://openalex.org/W253822838,0,0.011226299706123108,-0.0021141661917294177,cache,True,-0.010393650319928525,0,10,0.0,0.0,0.0,0.0,0.0,0.0,0.0,0.0,0.0
Wolters_2018,https://openalex.org/W2084970815,1,0.005036240000618107,0.18483550781579178,cache,True,-0.026748129215261124,56,10,0.0,0.0,0.0,0.0,3.0,0.01764705882352941,0.0,3.0,0.013761467889908258
Wolters_2018,https://openalex.org/W2137736331,1,0.005033599194317003,0.1585606299091885,cache,True,0.015220267842335294,40,10,0.0,0.0,0.0,0.0,4.0,0.035398230088495575,0.0,7.0,0.03271028037383177
Wolters_2018,https://openalex.org/W180957169,1,0.005033599194317003,0.0892947494747938,cache,True,0.007140772985175264,0,10,0.0,0.0,0.0,0.0,0.0,0.0,0.0,0.0,0.0
Wolters_2018,https://openalex.org/W2051064550,1,0.005033423188977715,0.13527824867865695,cache,True,0.025002867782225074,39,10,0.0,0.0,0.0,0.0,3.0,0.0196078431372549,0.0,3.0,0.014925373134328358
Wolters_2018,https://openalex.org/W2074874117,1,0.005035007454888666,0.13798250950960883,cache,True,0.03082659555005801,53,10,0.0,0.0,0.0,0.0,3.0,0.017964071856287425,0.0,4.0,0.018691588785046728
Wolters_2018,https://openalex.org/W2167487379,1,0.005033599194317003,0.2393175521381809,cache,True,0.04251805533205197,56,10,0.0,0.0,0.0,0.0,6.0,0.03592814371257485,0.0,6.0,0.027906976744186046
Wolters_2018,https://openalex.org/W2201563543,1,0.005037825138055477,0.03496953899957014,cache,True,-0.015843977572235116,14,10,0.0,0.0,0.0,0.0,0.0,0.0,0.0,0.0,0.0
Wolters_2018,https://openalex.org/W842083477,1,0.005036240000618107,0.2124048163330925,cache,True,0.026458147196210646,42,10,0.0,0.0,0.0,0.0,1.0,0.006329113924050633,0.0,1.0,0.0048543689320388345
Wolters_2018,https://openalex.org/W2098151967,1,0.005035007454888666,0.1744489456409586,cache,True,0.06338791675108027,34,10,0.0,0.0,0.0,0.0,0.0,0.0,0.0,1.0,0.004672897196261682
Wolters_2018,https://openalex.org/W2017257387,1,0.005034127246643691,0.14365510545116736,cache,True,0.06703560369929693,29,10,0.0,0.0,0.0,0.0,6.0,0.04285714285714286,0.0,8.0,0.043010752688172046
Wolters_2018,https://openalex.org/W2128601008,0,0.005034127246643691,0.11875805436824519,cache,True,0.10085558130060082,26,10,0.0,0.0,0.0,0.0,0.0,0.0,0.0,0.0,0.0
Wolters_2018,https://openalex.org/W2023282868,0,0.005039763194112267,-0.039647755277309904,cache,True,-0.031702738825662054,7,10,0.0,0.0,0.0,0.0,0.0,0.0,0.0,0.0,0.0
Wolters_2018,https://openalex.org/W4237660272,0,0.005034127246643691,0.027853573012503394,cache,True,0.022324895023899786,0,10,0.0,0.0,0.0,0.0,0.0,0.0,0.0,0.0,0.0
Wolters_2018,https://openalex.org/W2589535334,0,0.005035007454888666,0.000857397109348252,cache,True,-0.05939838140597174,39,10,0.0,0.0,0.0,0.0,4.0,0.02631578947368421,0.0,10.0,0.05154639175257732
Wolters_2018,https://openalex.org/W2417587966,0,0.005033599194317003,0.012091537017719797,cache,True,-0.00435042221246186,23,10,0.0,0.0,0.0,0.0,0.0,0.0,0.0,0.0,0.0
Wolters_2018,https://openalex.org/W1489728454,0,0.005033423188977715,0.06895449464940906,cache,True,0.020492899928660102,8,10,0.0,0.0,0.0,0.0,0.0,0.0,0.0,0.0,0.0
Wolters_2018,https://openalex.org/W2808944563,0,0.005033423188977715,0.08259402349816111,cache,True,0.016676809118934013,0,0,0.0,0.0,0.0,0.0,0.0,0.0,0.0,0.0,0.0
Wolters_2018,https://openalex.org/W85910960,0,0.005034127246643691,0.11743303377476795,cache,True,-0.005565349529224745,0,10,0.0,0.0,0.0,0.0,0.0,0.0,0.0,0.0,0.0
Wolters_2018,https://openalex.org/W2037583987,0,0.005033423188977715,0.011409847870827775,cache,True,0.058151111774820415,42,10,0.0,0.0,0.0,0.0,0.0,0.0,0.0,0.0,0.0
Wolters_2018,https://openalex.org/W1976726807,0,0.005033423188977715,0.11769478332898678,cache,True,0.034863748278258874,37,10,0.0,0.0,0.0,0.0,0.0,0.0,0.0,0.0,0.0
van_de_Schoot_2018,https://openalex.org/W1848156165,1,0.010547410268283505,0.09570800198539914,cache,True,0.0004599304801159998,52,10,0.0,3.0,0.03125,0.0,12.0,0.06417112299465241,0.0,14.0,0.04745762711864407
van_de_Schoot_2018,https://openalex.org/W1448877352,1,0.010547410268283505,0.09273468232121362,cache,True,0.0481128547775678,71,10,0.0,1.0,0.008547008547008548,1.0,8.0,0.0380952380952381,1.0,11.0,0.03470031545741325
van_de_Schoot_2018,https://openalex.org/W2032412255,1,0.01054733388054287,0.11390376380269845,cache,True,0.02589863809739406,35,10,0.0,0.0,0.0,1.0,7.0,0.04,1.0,9.0,0.03180212014134275
van_de_Schoot_2018,https://openalex.org/W2070289918,1,0.010547389898166015,0.14594429605826612,cache,True,0.0247933946574075,74,10,0.0,0.0,0.0,1.0,5.0,0.023148148148148147,1.0,13.0,0.040880503144654086
van_de_Schoot_2018,https://openalex.org/W2100044325,1,0.010547415360818942,0.1297365854828173,cache,True,0.035719243755130164,49,10,0.0,0.0,0.0,0.0,6.0,0.031578947368421054,1.0,10.0,0.033783783783783786
van_de_Schoot_2018,https://openalex.org/W1991849973,1,0.010547410268283505,0.10599557501063428,cache,True,0.02586333613071691,39,10,0.0,2.0,0.023809523809523808,1.0,5.0,0.027624309392265192,1.0,7.0,0.02422145328719723
van_de_Schoot_2018,https://openalex.org/W2056927632,1,0.01054737462060334,0.16587137042537148,cache,True,0.0137821052636036,29,10,0.0,0.0,0.0,1.0,1.0,0.005714285714285714,1.0,6.0,0.02142857142857143
van_de_Schoot_2018,https://openalex.org/W2056933155,1,0.010547410268283505,0.12097268469110042,cache,True,0.00873402966955418,39,10,0.0,1.0,0.011764705882352941,1.0,4.0,0.02197802197802198,1.0,8.0,0.027777777777777776
van_de_Schoot_2018,https://openalex.org/W2075344639,1,0.010547415360818942,0.05196774792907158,cache,True,0.012085402715061457,55,10,0.0,0.0,0.0,1.0,4.0,0.020202020202020204,1.0,8.0,0.02631578947368421
van_de_Schoot_2018,https://openalex.org/W1834163696,1,0.010547415360818942,0.07075186110510993,cache,True,-0.0046439495372736644,33,10,0.0,1.0,0.012658227848101266,0.0,10.0,0.058823529411764705,0.0,11.0,0.03942652329749104
van_de_Schoot_2018,https://openalex.org/W244483461,0,0.010547417058331279,0.008364930069922715,cache,True,-0.006966734670241559,12,10,0.0,0.0,0.0,1.0,1.0,0.006329113924050633,1.0,1.0,0.0037313432835820895
van_de_Schoot_2018,https://openalex.org/W2395220514,0,0.010547410268283505,0.055509589752747626,cache,True,0.020189862517696916,32,10,0.0,0.0,0.0,0.0,0.0,0.0,0.0,0.0,0.0
van_de_Schoot_2018,https://openalex.org/W2270365872,0,0.010547410268283505,0.055446966131882866,cache,True,0.021360110754121336,19,20,0.0,0.0,0.0,0.0,4.0,0.023255813953488372,0.0,4.0,0.014184397163120567
van_de_Schoot_2018,https://openalex.org/W2013130170,0,0.010547415360818942,0.015252306718750604,cache,True,0.020865460472285657,24,10,0.0,0.0,0.0,0.0,1.0,0.0058823529411764705,0.0,2.0,0.007168458781362007
van_de_Schoot_2018,https://openalex.org/W2314458273,0,0.010547410268283505,0.07058499771304334,cache,True,0.00045370043168255214,16,10,0.0,0.0,0.0,0.0,0.0,0.0,0.0,0.0,0.0
van_de_Schoot_2018,https://openalex.org/W2017613199,0,0.010547410268283505,0.045996140539003375,cache,True,0.004164423349000947,53,10,0.0,0.0,0.0,0.0,0.0,0.0,0.0,1.0,0.003236245954692557
van_de_Schoot_2018,https://openalex.org/W2042355083,0,0.010547410268283505,0.0963798572386636,cache,True,0.02024793337969917,75,10,0.0,1.0,0.008264462809917356,0.0,2.0,0.00909090909090909,0.0,2.0,0.006060606060606061
van_de_Schoot_2018,https://openalex.org/W2004381330,0,0.010547410268283505,0.041406533070822475,cache,True,-0.017878600623614432,75,10,0.0,1.0,0.008264462809917356,0.0,2.0,0.00909090909090909,0.0,2.0,0.006060606060606061
van_de_Schoot_2018,https://openalex.org/W1899071932,0,0.010547410268283505,0.021816150771192908,cache,True,0.02038281233611662,27,20,0.0,0.0,0.0,0.0,0.0,0.0,0.0,0.0,0.0
van_de_Schoot_2018,https://openalex.org/W2121846834,0,0.010547417058331279,0.025129919114674323,cache,True,-0.022265830581985405,64,20,0.0,1.0,0.008620689655172414,0.0,1.0,0.004629629629629629,0.0,1.0,0.003067484662576687
Bos_2018,https://openalex.org/W2161291700,1,0.00998446842293333,0.09671559515768835,cache,True,0.02060172421631326,55,10,0.0,0.0,0.0,0.0,3.0,0.01764705882352941,1.0,13.0,0.05726872246696035
Bos_2018,https://openalex.org/W2583393583,1,0.005012349968183714,0.13087957722571714,cache,True,0.015174808933152095,9,10,0.0,0.0,0.0,0.0,1.0,0.007874015748031496,0.0,1.0,0.005154639175257732
Bos_2018,https://openalex.org/W2299650482,0,0.0015374388802028007,0.153695726826937,cache,True,0.01620000362166854,45,10,0.0,0.0,0.0,0.0,3.0,0.018633540372670808,0.0,5.0,0.022123893805309734
Bos_2018,https://openalex.org/W2052696434,0,0.00501235714891404,0.03876800569432482,cache,True,0.02325030880374783,19,10,0.0,0.0,0.0,0.0,0.0,0.0,0.0,0.0,0.0
Bos_2018,https://openalex.org/W2563548524,0,0.005012328426053571,0.05611935991075516,cache,True,0.045910654988587776,29,10,0.0,0.0,0.0,0.0,0.0,0.0,0.0,0.0,0.0
Bos_2018,https://openalex.org/W1992251283,0,0.00501235714891404,0.10214741715141364,cache,True,0.025313022165535895,68,10,0.0,0.0,0.0,0.0,3.0,0.016304347826086956,0.0,4.0,0.016
Bos_2018,https://openalex.org/W2100803328,0,0.005012242258445772,0.19856087016944501,cache,True,0.007727790393800435,29,10,0.0,0.0,0.0,0.0,2.0,0.0136986301369863,0.0,4.0,0.018957345971563982
Bos_2018,https://openalex.org/W2027188977,0,0.005012328426053571,0.122733561564772,cache,True,0.002067568090986016,39,10,0.0,0.0,0.0,0.0,2.0,0.01282051282051282,0.0,2.0,0.008968609865470852
Bos_2018,https://openalex.org/W2543734537,0,0.00501235714891404,0.116368875021536,cache,True,0.06644991663258354,50,10,0.0,0.0,0.0,0.0,2.0,0.011976047904191617,0.0,4.0,0.017241379310344827
Bos_2018,https://openalex.org/W2142185053,0,0.00501235714891404,0.09899115468344052,cache,True,0.06098726712794243,34,10,0.0,0.0,0.0,0.0,2.0,0.013245033112582781,0.0,2.0,0.009174311926605505
Bos_2018,https://openalex.org/W2092098886,0,0.005012349968183714,0.0794562618541239,cache,True,0.08234008837608889,47,10,0.0,0.0,0.0,0.0,0.0,0.0,0.0,0.0,0.0
Bos_2018,https://openalex.org/W1992798117,0,0.005012098649011521,0.2004868078652166,cache,True,0.0777553951836208,74,10,0.0,0.0,0.0,0.0,1.0,0.005208333333333333,0.0,2.0,0.007751937984496124
Moran_2021,https://openalex.org/W2903635703,1,0.010442973557145926,-0.024056171716456482,cache,True,-0.026198428582772555,146,10,0.0,0.0,0.0,0.0,0.0,0.0,0.0,0.0,0.0
Moran_2021,https://openalex.org/W2900100701,1,0.010449017455377293,0.00978036859500643,cache,True,0.013383009930354295,175,10,0.0,0.0,0.0,0.0,0.0,0.0,0.0,2.0,0.0030627871362940277
Moran_2021,https://openalex.org/W2891532175,1,0.010442973557145926,-0.041637823473517216,cache,True,-0.012480969900128234,68,10,0.0,1.0,0.006134969325153374,0.0,1.0,0.003205128205128205,0.0,1.0,0.0018248175182481751
Moran_2021,https://openalex.org/W2901638986,1,0.010442973557145926,-0.03354888359440655,cache,True,0.0012084545370251235,94,10,0.0,0.0,0.0,0.0,0.0,0.0,0.0,1.0,0.001893939393939394
Moran_2021,https://openalex.org/W2068717875,1,0.010443466807138802,-0.053441742001332934,cache,True,-0.019737183265725093,392,10,0.0,0.0,0.0,0.0,0.0,0.0,0.0,0.0,0.0
Moran_2021,https://openalex.org/W2904183492,1,0.010442973557145926,-0.03531755185239934,cache,True,-0.006909843453055672,36,10,0.0,0.0,0.0,0.0,0.0,0.0,0.0,0.0,0.0
Moran_2021,https://openalex.org/W2321290437,1,0.010443466807138802,-0.02778478552010484,cache,True,-0.000360685642266316,217,10,0.0,0.0,0.0,0.0,0.0,0.0,0.0,0.0,0.0
Moran_2021,https://openalex.org/W4214847068,1,0.010442973557145926,-0.053115862393384165,cache,True,-0.0037413108447290483,34,10,0.0,0.0,0.0,0.0,0.0,0.0,0.0,0.0,0.0
Moran_2021,https://openalex.org/W2907845546,1,0.010442973557145926,-0.05304492852735704,cache,True,-0.01312769763278085,50,20,0.0,1.0,0.006535947712418301,0.0,1.0,0.0033112582781456954,0.0,1.0,0.0018587360594795538
Moran_2021,https://openalex.org/W2808836151,1,0.010442973557145926,-0.10923841270791124,cache,True,-0.0032567257478392023,165,10,0.0,0.0,0.0,0.0,0.0,0.0,0.0,0.0,0.0
Moran_2021,https://openalex.org/W2475091282,0,0.01044741363562598,-0.005542785736832895,cache,True,-0.0030906294647892324,34,10,0.0,0.0,0.0,0.0,0.0,0.0,0.0,0.0,0.0
Moran_2021,https://openalex.org/W2122778052,0,0.010442973557145926,-0.01521095843324387,cache,True,-0.017308447202994588,66,10,0.0,0.0,0.0,0.0,0.0,0.0,0.0,0.0,0.0
Moran_2021,https://openalex.org/W2030307471,0,0.010442973557145926,-0.026993895734616538,cache,True,-0.023002761757458648,12,10,0.0,0.0,0.0,0.0,0.0,0.0,0.0,0.0,0.0
Moran_2021,https://openalex.org/W2059097231,0,0.010443096867486228,-0.06178637429837967,cache,True,-0.006018554884404715,66,10,0.0,0.0,0.0,0.0,6.0,0.019672131147540985,0.0,6.0,0.011090573012939002
Moran_2021,https://openalex.org/W2119422035,0,0.010442973557145926,-0.024725957264640927,cache,True,-0.014855018324510784,75,10,0.0,0.0,0.0,0.0,0.0,0.0,0.0,0.0,0.0
Moran_2021,https://openalex.org/W2911796851,0,0.010443096867486228,0.032053035851016376,cache,False,nan,,,nan,nan,nan,nan,nan,nan,nan,nan,nan
Moran_2021,https://openalex.org/W2099917172,0,0.010442973557145926,0.010218523867327613,cache,True,0.015831587448377482,65,10,0.0,0.0,0.0,0.0,0.0,0.0,0.0,0.0,0.0
Moran_2021,https://openalex.org/W3082553423,0,0.010442973557145926,-0.03136391913194956,cache,False,nan,,,nan,nan,nan,nan,nan,nan,nan,nan,nan
Moran_2021,https://openalex.org/W2087426641,0,0.010443466807138802,-0.042985487732442006,cache,True,-0.04172883757983532,21,10,0.0,0.0,0.0,0.0,0.0,0.0,0.0,0.0,0.0
Moran_2021,https://openalex.org/W1985491724,0,0.010443466807138802,-0.010916633921206197,cache,True,0.01870197682844553,148,10,0.0,0.0,0.0,0.0,0.0,0.0,0.0,0.0,0.0
Leenaars_2019,https://openalex.org/W2088367343,1,0.014046796628833591,0.4144191970789114,cache,True,0.0626623847031576,62,10,0.0,4.0,0.02666666666666667,0.0,4.0,0.01818181818181818,1.0,11.0,0.03323262839879154
Leenaars_2019,https://openalex.org/W2042513904,1,0.014046796628833591,0.2306456127688965,cache,True,0.059127295289172224,54,10,0.0,3.0,0.02097902097902098,0.0,3.0,0.014084507042253521,0.0,4.0,0.0125
Leenaars_2019,https://openalex.org/W2071576115,1,0.014046796628833591,0.4849656589566842,cache,True,0.11662027005788173,48,10,1.0,2.0,0.014492753623188406,1.0,2.0,0.009615384615384616,1.0,2.0,0.006134969325153374
Leenaars_2019,https://openalex.org/W2288655185,1,0.014046796628833591,0.35460230554556704,cache,True,0.04502123735177989,24,10,0.0,0.0,0.0,0.0,0.0,0.0,0.0,0.0,0.0
Leenaars_2019,https://openalex.org/W2062883133,1,0.0015374388802028007,0.4563991835847332,cache,True,0.08125023896405326,46,10,0.0,1.0,0.0072992700729927005,0.0,5.0,0.024630541871921183,0.0,6.0,0.01875
Leenaars_2019,https://openalex.org/W2022726353,1,0.014047118394000408,0.46345000403941705,cache,True,0.09798187710853176,65,10,1.0,18.0,0.12949640287769784,1.0,19.0,0.09134615384615384,1.0,19.0,0.059190031152647975
Leenaars_2019,https://openalex.org/W1975946002,1,0.014046796628833591,0.34808272753381675,cache,True,0.07797375427154285,71,10,0.0,0.0,0.0,1.0,18.0,0.08695652173913043,1.0,22.0,0.06875
Leenaars_2019,https://openalex.org/W2055656488,1,0.014046796628833591,0.5140401279383797,cache,True,0.09383537447671247,25,10,0.0,0.0,0.0,0.0,1.0,0.004807692307692308,0.0,5.0,0.01557632398753894
Leenaars_2019,https://openalex.org/W2024775541,1,0.014046796628833591,0.3895010262639228,cache,True,0.07172128314249546,15,10,1.0,0.0,0.0,1.0,0.0,0.0,1.0,0.0,0.0
Leenaars_2019,https://openalex.org/W2064915622,1,0.014046796628833591,0.1694826511382493,cache,True,0.0720428248230928,28,10,0.0,2.0,0.017094017094017096,0.0,2.0,0.0106951871657754,1.0,11.0,0.037162162162162164
Leenaars_2019,https://openalex.org/W2086286943,0,0.01404678322210887,0.05011156878121487,cache,True,-0.0033708974630284744,67,10,0.0,0.0,0.0,0.0,0.0,0.0,0.0,0.0,0.0
Leenaars_2019,https://openalex.org/W2043806993,0,0.01404678322210887,0.08806291237614267,cache,True,0.012538966290221519,21,10,0.0,0.0,0.0,0.0,0.0,0.0,0.0,0.0,0.0
Leenaars_2019,https://openalex.org/W2120534405,0,0.01404678322210887,-0.039339943421122125,cache,True,-0.04899687735443812,42,10,0.0,0.0,0.0,0.0,0.0,0.0,0.0,0.0,0.0
Leenaars_2019,https://openalex.org/W2009090011,0,0.01404678322210887,0.04297663107151403,cache,True,-0.037047595200094985,34,10,0.0,0.0,0.0,0.0,0.0,0.0,0.0,0.0,0.0
Leenaars_2019,https://openalex.org/W2063981466,0,0.01404678322210887,0.0638903853714201,cache,True,-0.005236108838109141,32,10,0.0,0.0,0.0,0.0,0.0,0.0,0.0,0.0,0.0
Leenaars_2019,https://openalex.org/W2007893260,0,0.01404678322210887,0.0033752145241772898,cache,True,-0.010949300208619048,68,10,0.0,0.0,0.0,0.0,0.0,0.0,0.0,0.0,0.0
Leenaars_2019,https://openalex.org/W1497774408,0,0.01404678322210887,0.0422834854380999,cache,True,-0.029380290685803195,0,10,0.0,0.0,0.0,0.0,0.0,0.0,0.0,0.0,0.0
Leenaars_2019,https://openalex.org/W1966449636,0,0.014046796628833591,0.07269173086708602,cache,True,0.003927963614606157,65,10,0.0,0.0,0.0,0.0,0.0,0.0,0.0,2.0,0.0058309037900874635
Leenaars_2019,https://openalex.org/W1969014857,0,0.01404678322210887,0.024542986038076677,cache,True,-0.0010446582493916917,15,10,0.0,0.0,0.0,0.0,3.0,0.017241379310344827,0.0,3.0,0.010273972602739725
Leenaars_2019,https://openalex.org/W2049364239,0,0.014046796628833591,0.09403484450728022,cache,True,0.01700243748510296,26,10,0.0,0.0,0.0,0.0,0.0,0.0,0.0,0.0,0.0
Radjenovic_2013,https://openalex.org/W2123637002,0,0.03267019686428598,-0.008592340425211786,cache,True,-0.04387034994566727,0,10,0.0,0.0,0.0,0.0,0.0,0.0,0.0,0.0,0.0
Radjenovic_2013,https://openalex.org/W2153791729,0,0.005587013697941538,0.022679197393207562,cache,True,-0.06679613142677217,24,10,0.0,0.0,0.0,0.0,0.0,0.0,0.0,0.0,0.0
Radjenovic_2013,https://openalex.org/W1666623754,0,0.005589075175067811,0.030725074748925076,cache,True,-0.067809322074787,16,20,0.0,0.0,0.0,0.0,0.0,0.0,0.0,0.0,0.0
Radjenovic_2013,https://openalex.org/W1885979141,0,0.005589075175067811,0.23194700614400318,cache,True,-0.02088500405684203,14,10,0.0,0.0,0.0,0.0,0.0,0.0,0.0,0.0,0.0
Radjenovic_2013,https://openalex.org/W3142415280,0,0.0055841288775954874,-0.005624362940122439,cache,True,-0.026421903680023798,18,10,0.0,0.0,0.0,0.0,0.0,0.0,0.0,0.0,0.0
Radjenovic_2013,https://openalex.org/W2172147981,0,0.005590312417843213,0.03476376052762685,cache,True,-0.04551770082584078,15,10,0.0,0.0,0.0,0.0,0.0,0.0,0.0,0.0,0.0
Radjenovic_2013,https://openalex.org/W2135693987,0,0.005588147418453964,-0.03424185261309236,cache,True,-0.07670294753716438,10,10,0.0,0.0,0.0,0.0,0.0,0.0,0.0,0.0,0.0
Radjenovic_2013,https://openalex.org/W1879505596,0,0.005587013697941538,0.0709235756281384,cache,True,-0.018781621695551184,5,10,0.0,0.0,0.0,0.0,0.0,0.0,0.0,1.0,0.0045662100456621
Radjenovic_2013,https://openalex.org/W2118004463,0,0.005585674136058171,0.040805286690504594,cache,True,-0.02931000231295232,1,10,0.0,0.0,0.0,0.0,0.0,0.0,0.0,0.0,0.0
Radjenovic_2013,https://openalex.org/W2119061206,0,0.005590312417843213,0.04000797280068478,cache,True,-0.03393514094929659,12,10,0.0,0.0,0.0,0.0,0.0,0.0,0.0,0.0,0.0
Leenaars_2020,https://openalex.org/W2091732273,1,0.02021104705107551,0.12935405834589458,cache,True,0.036733556708038406,20,10,0.0,3.0,0.04054054054054054,0.0,3.0,0.01875,0.0,7.0,0.026717557251908396
Leenaars_2020,https://openalex.org/W2032140498,1,0.020210828633553585,0.17986114413206222,cache,True,0.02220481926740356,47,10,0.0,1.0,0.009615384615384616,0.0,5.0,0.026881720430107527,0.0,7.0,0.02413793103448276
Leenaars_2020,https://openalex.org/W2177530838,1,0.02021099244647946,0.13849534429132615,cache,True,0.004568386358111104,29,10,0.0,2.0,0.023529411764705882,0.0,5.0,0.02976190476190476,0.0,5.0,0.01824817518248175
Leenaars_2020,https://openalex.org/W2136474272,1,0.02021096173145732,0.05712888803887259,cache,True,0.015431125336273603,37,10,0.0,0.0,0.0,0.0,1.0,0.005555555555555556,0.0,1.0,0.0034965034965034965
Leenaars_2020,https://openalex.org/W2109925847,1,0.02021104705107551,0.05524858469770311,cache,True,-0.0024949424104576123,40,10,0.0,4.0,0.0425531914893617,0.0,6.0,0.033707865168539325,0.0,6.0,0.02112676056338028
Leenaars_2020,https://openalex.org/W4214920099,1,0.020210879824953978,-0.035467275320696254,cache,False,nan,,,nan,nan,nan,nan,nan,nan,nan,nan,nan
Leenaars_2020,https://openalex.org/W2107355697,1,0.02021096173145732,0.13440053771150473,cache,True,0.014839646098917136,11,10,0.0,0.0,0.0,0.0,1.0,0.006493506493506494,0.0,1.0,0.0038461538461538464
Leenaars_2020,https://openalex.org/W2115144341,1,0.02021104705107551,0.11500188698621044,cache,True,0.0044154053679725525,38,10,0.0,0.0,0.0,0.0,0.0,0.0,0.0,0.0,0.0
Leenaars_2020,https://openalex.org/W2138609584,1,0.02021096173145732,0.051616579293187206,cache,True,-0.0032819681763710112,37,10,0.0,0.0,0.0,0.0,2.0,0.0111731843575419,0.0,2.0,0.007017543859649123
Leenaars_2020,https://openalex.org/W2170983988,1,0.02021096173145732,0.07271403847288044,cache,True,0.008329046852802113,3,10,0.0,0.0,0.0,0.0,0.0,0.0,0.0,0.0,0.0
Leenaars_2020,https://openalex.org/W2110523622,0,0.02021104363828406,-0.011754601806486093,cache,True,-0.051120653230301835,33,10,0.0,1.0,0.011111111111111112,0.0,1.0,0.005681818181818182,0.0,2.0,0.0071174377224199285
Leenaars_2020,https://openalex.org/W2042732463,0,0.02021101633597256,0.04754133170957704,cache,True,-0.00417832647229717,0,10,0.0,0.0,0.0,0.0,0.0,0.0,0.0,0.0,0.0
Leenaars_2020,https://openalex.org/W2024610927,0,0.020211033399913016,0.04404220943222452,cache,True,0.030710243440998763,24,10,0.0,1.0,0.012345679012345678,0.0,2.0,0.012048192771084338,1.0,4.0,0.014814814814814815
Leenaars_2020,https://openalex.org/W2083395794,0,0.02021099244647946,0.0786469774281324,cache,True,0.019323847271976863,26,10,0.0,0.0,0.0,0.0,3.0,0.017964071856287425,0.0,3.0,0.01098901098901099
Leenaars_2020,https://openalex.org/W50807861,0,0.02021104705107551,0.01806253606934291,cache,True,-0.023425673481374976,0,10,0.0,0.0,0.0,0.0,0.0,0.0,0.0,0.0,0.0
Leenaars_2020,https://openalex.org/W2164349469,0,0.02021104705107551,-0.0725364416910178,cache,True,0.017094477280117232,28,10,0.0,0.0,0.0,0.0,0.0,0.0,0.0,0.0,0.0
Leenaars_2020,https://openalex.org/W2118228748,0,0.02021104705107551,-0.017724867544462956,cache,True,0.013058011587920727,143,10,0.0,0.0,0.0,0.0,1.0,0.0034965034965034965,0.0,1.0,0.002551020408163265
Leenaars_2020,https://openalex.org/W2046411916,0,0.02021104705107551,-0.011987131511097301,cache,True,0.018892603195329705,26,10,0.0,0.0,0.0,0.0,0.0,0.0,0.0,0.0,0.0
Leenaars_2020,https://openalex.org/W4300175777,0,0.02021104705107551,-0.05008187476330363,cache,True,0.026495164856317005,0,10,0.0,0.0,0.0,0.0,0.0,0.0,0.0,0.0,0.0
Leenaars_2020,https://openalex.org/W2077102864,0,0.02021104363828406,0.04809198405734154,cache,True,-0.030361891181454895,34,10,0.0,0.0,0.0,0.0,2.0,0.011428571428571429,0.0,2.0,0.0071174377224199285
Wassenaar_2017,https://openalex.org/W2117870346,1,0.010471793258871463,0.08598673263296891,cache,True,-0.03409080350114771,0,10,0.0,0.0,0.0,0.0,0.0,0.0,0.0,0.0,0.0
Wassenaar_2017,https://openalex.org/W1991299939,1,0.010471410992394495,0.1364927093880538,cache,True,0.03567782051645661,60,10,0.0,0.0,0.0,0.0,1.0,0.0030959752321981426,0.0,1.0,0.0028011204481792717
Wassenaar_2017,https://openalex.org/W2071235992,1,0.010471283573300131,0.016122913951624226,cache,True,-0.017767867051967,18,10,0.0,1.0,0.005376344086021506,0.0,1.0,0.0035587188612099642,0.0,1.0,0.0031746031746031746
Wassenaar_2017,https://openalex.org/W2144160434,1,0.010471291536948639,0.028046949911493244,cache,True,0.017478498749310803,58,10,0.0,0.0,0.0,0.0,0.0,0.0,0.0,0.0,0.0
Wassenaar_2017,https://openalex.org/W2123254875,1,0.010471283573300131,0.047652006076281464,cache,True,-0.021362814140706718,111,10,0.0,4.0,0.014492753623188406,0.0,5.0,0.013513513513513514,0.0,5.0,0.012376237623762377
Wassenaar_2017,https://openalex.org/W2071480044,1,0.010471283573300131,0.09399935450089739,cache,True,0.025042247092262215,51,10,0.0,2.0,0.009174311926605505,0.0,9.0,0.029411764705882353,0.0,10.0,0.029498525073746312
Wassenaar_2017,https://openalex.org/W2125823486,1,0.010471793258871463,0.0458683535488954,cache,True,-0.024695794829297582,23,10,0.0,1.0,0.005235602094240838,0.0,1.0,0.0034965034965034965,0.0,5.0,0.015822784810126583
Wassenaar_2017,https://openalex.org/W2095513235,1,0.010471291536948639,0.07426968993032307,cache,True,0.0037631076018261184,40,10,0.0,6.0,0.029556650246305417,0.0,11.0,0.03754266211604096,0.0,11.0,0.03363914373088685
Wassenaar_2017,https://openalex.org/W2018365592,1,0.010471283573300131,0.012679677760621441,cache,True,-0.03189610977498583,110,10,0.0,3.0,0.010869565217391304,0.0,6.0,0.016304347826086956,0.0,18.0,0.046153846153846156
Wassenaar_2017,https://openalex.org/W2076212136,1,0.010471315427930067,0.004246547732311222,cache,True,-0.01471511028430382,0,10,0.0,0.0,0.0,0.0,0.0,0.0,0.0,2.0,0.006756756756756757
Wassenaar_2017,https://openalex.org/W2155646364,0,0.010471283573300131,0.006681537521220686,cache,True,-0.04366248042500907,21,10,0.0,0.0,0.0,0.0,0.0,0.0,0.0,0.0,0.0
Wassenaar_2017,https://openalex.org/W2078935942,0,0.010471283573300131,0.0441419829001638,cache,True,-0.014698966793203663,44,10,0.0,0.0,0.0,0.0,0.0,0.0,0.0,0.0,0.0
Wassenaar_2017,https://openalex.org/W2004875818,0,0.010471283573300131,0.05222083038848753,cache,True,-0.014427417755072662,40,10,0.0,0.0,0.0,0.0,0.0,0.0,0.0,0.0,0.0
Wassenaar_2017,https://openalex.org/W2063517792,0,0.010471283573300131,0.039051192201517614,cache,True,-0.024623681409744025,9,10,0.0,0.0,0.0,0.0,0.0,0.0,0.0,0.0,0.0
Wassenaar_2017,https://openalex.org/W1995903208,0,0.010471283573300131,-0.03276000224981877,cache,True,-0.002404893444690137,58,10,0.0,1.0,0.004424778761061947,1.0,4.0,0.012578616352201259,1.0,5.0,0.014245014245014245
Wassenaar_2017,https://openalex.org/W2124046488,0,0.010471283573300131,0.029980383777002052,cache,True,-0.02851147809069131,37,10,0.0,0.0,0.0,0.0,0.0,0.0,0.0,0.0,0.0
Wassenaar_2017,https://openalex.org/W1965410558,0,0.01047157026841729,0.12265356905778325,cache,True,0.0014377223005165862,48,10,0.0,4.0,0.018779342723004695,0.0,4.0,0.012987012987012988,0.0,4.0,0.011695906432748537
Wassenaar_2017,https://openalex.org/W166866,0,0.010471283573300131,0.024294934643041805,cache,True,0.004626892117211349,0,20,0.0,0.0,0.0,0.0,0.0,0.0,0.0,0.0,0.0
Wassenaar_2017,https://openalex.org/W2001187483,0,0.010471283573300131,0.022200024510355937,cache,True,-0.002208618063190129,38,10,0.0,0.0,0.0,0.0,0.0,0.0,0.0,0.0,0.0
Wassenaar_2017,https://openalex.org/W2137711105,0,0.010471283573300131,0.05551042861382946,cache,True,0.0013520052360097151,22,10,0.0,0.0,0.0,0.0,0.0,0.0,0.0,0.0,0.0
Hall_2012,https://openalex.org/W2141051748,1,0.005252068672758861,0.12469719569970703,cache,True,-0.08377742778160426,56,10,0.0,3.0,0.023622047244094488,0.0,5.0,0.02617801047120419,0.0,5.0,0.02040816326530612
Hall_2012,https://openalex.org/W2160274766,1,0.005252110517548309,0.022067074846748455,cache,True,-0.12023437877277823,34,10,0.0,4.0,0.038461538461538464,0.0,4.0,0.023529411764705882,0.0,4.0,0.017857142857142856
Hall_2012,https://openalex.org/W2123675623,1,0.005251943140372188,0.034653048229224534,cache,True,-0.09877176556095252,24,10,0.0,0.0,0.0,0.0,1.0,0.006134969325153374,0.0,1.0,0.004608294930875576
Hall_2012,https://openalex.org/W4248521920,1,0.005252110517548309,0.13077190594690025,cache,True,-0.02727279236070662,32,10,0.0,3.0,0.02912621359223301,0.0,7.0,0.04242424242424243,0.0,7.0,0.0319634703196347
Hall_2012,https://openalex.org/W1995029977,1,0.005251943140372188,0.29172060657359267,cache,True,-0.08691193354363369,24,10,0.0,3.0,0.031578947368421054,0.0,4.0,0.025,0.0,5.0,0.023474178403755867
Hall_2012,https://openalex.org/W2158561928,1,0.005251943140372188,0.11589254432810281,cache,True,-0.07148543366302904,40,10,0.0,5.0,0.045871559633027525,0.0,5.0,0.02857142857142857,0.0,5.0,0.021834061135371178
Hall_2012,https://openalex.org/W4243127898,1,0.00525144104054976,0.008701917018745276,cache,True,-0.12251189115901515,0,10,0.0,0.0,0.0,0.0,0.0,0.0,0.0,0.0,0.0
Hall_2012,https://openalex.org/W1990993371,0,0.005252068672758861,0.02048750722118062,cache,True,-0.05990572725635744,23,10,0.0,0.0,0.0,0.0,0.0,0.0,0.0,0.0,0.0
Hall_2012,https://openalex.org/W3144730141,0,0.005252110517548309,-0.0694259591713838,cache,False,nan,,,nan,nan,nan,nan,nan,nan,nan,nan,nan
Hall_2012,https://openalex.org/W2127351714,0,0.00525144104054976,0.0616664217955597,cache,True,-0.0622932005388496,47,10,0.0,0.0,0.0,0.0,0.0,0.0,0.0,0.0,0.0
Hall_2012,https://openalex.org/W2139141676,0,0.005250604313195542,0.03366040691009824,cache,True,-0.08621036384727211,32,10,0.0,0.0,0.0,0.0,0.0,0.0,0.0,0.0,0.0
Hall_2012,https://openalex.org/W2071716457,0,0.005252110517548309,0.039564511911683746,cache,True,-0.0694658949302589,0,10,0.0,0.0,0.0,0.0,0.0,0.0,0.0,0.0,0.0
Hall_2012,https://openalex.org/W2124068357,0,0.005251943140372188,0.04800369663826762,cache,True,-0.0583746032808701,38,10,0.0,1.0,0.009009009009009009,1.0,10.0,0.05952380952380952,1.0,10.0,0.04504504504504504
Hall_2012,https://openalex.org/W2034377901,0,0.00525144104054976,0.07215501995766624,cache,True,-0.06276348326076596,15,10,0.0,0.0,0.0,0.0,0.0,0.0,0.0,0.0,0.0
Hall_2012,https://openalex.org/W2146129337,0,0.005252110517548309,0.045830819985184845,cache,True,-0.061944881038002914,12,10,0.0,0.0,0.0,0.0,0.0,0.0,0.0,0.0,0.0
Hall_2012,https://openalex.org/W2129995429,0,0.005250060511253271,-0.025468428727584837,cache,True,-0.09482333806069884,11,10,0.0,0.0,0.0,0.0,0.0,0.0,0.0,0.0,0.0
Hall_2012,https://openalex.org/W2096094750,0,0.005252110517548309,0.048924036486306346,cache,True,-0.06167932912297176,18,10,0.0,0.0,0.0,0.0,0.0,0.0,0.0,0.0,0.0
van_Dis_2020,https://openalex.org/W2101457117,1,0.0015374388802028007,0.2369024890585706,cache,True,0.04098410119913325,38,10,0.0,1.0,0.008403361344537815,0.0,3.0,0.01282051282051282,0.0,6.0,0.017241379310344827
van_Dis_2020,https://openalex.org/W2019610877,1,0.01658729481040427,0.17026129740784832,cache,True,0.05642208533893475,41,10,0.0,1.0,0.00819672131147541,0.0,2.0,0.008403361344537815,0.0,15.0,0.043859649122807015
van_Dis_2020,https://openalex.org/W2469001318,1,0.016589456582112996,0.1366644774934621,cache,True,0.05326155048119939,33,10,0.0,0.0,0.0,0.0,2.0,0.008695652173913044,0.0,4.0,0.011594202898550725
van_Dis_2020,https://openalex.org/W2109042404,1,0.016589606715430496,0.08731100768765923,cache,True,0.05082787140619212,20,10,0.0,0.0,0.0,0.0,0.0,0.0,0.0,1.0,0.0029850746268656717
van_Dis_2020,https://openalex.org/W2053295259,1,0.01658897616446904,0.09897449618725875,cache,True,0.024966977546922203,48,10,0.0,1.0,0.007751937984496124,0.0,3.0,0.012295081967213115,0.0,3.0,0.008310249307479225
van_Dis_2020,https://openalex.org/W2031774431,1,0.01658972682304574,0.24310910046754092,cache,True,0.08114224684075376,37,10,0.0,0.0,0.0,0.0,3.0,0.012875536480686695,1.0,8.0,0.02318840579710145
van_Dis_2020,https://openalex.org/W2047881541,1,0.016589606715430496,0.19452099760747313,cache,True,0.06705472022612323,34,10,0.0,5.0,0.045454545454545456,0.0,6.0,0.02654867256637168,0.0,8.0,0.02346041055718475
van_Dis_2020,https://openalex.org/W2490084511,1,0.01658972682304574,0.10782321140297198,cache,True,0.05507372102526814,32,10,0.0,0.0,0.0,0.0,1.0,0.004347826086956522,0.0,1.0,0.002881844380403458
van_Dis_2020,https://openalex.org/W2049085090,1,0.016587805203749043,0.12738423357759576,cache,True,0.01609031609643656,55,10,0.0,2.0,0.014925373134328358,0.0,4.0,0.01606425702811245,0.0,12.0,0.0335195530726257
van_Dis_2020,https://openalex.org/W2054983745,1,0.0015374388802028007,0.19480597734206778,cache,True,0.03271172849571677,48,10,0.0,2.0,0.015625,0.0,3.0,0.012295081967213115,0.0,7.0,0.0196078431372549
van_Dis_2020,https://openalex.org/W2064118523,0,0.01658972682304574,0.050272645384022256,cache,True,0.03175918961768527,47,10,0.0,0.0,0.0,0.0,0.0,0.0,0.0,0.0,0.0
van_Dis_2020,https://openalex.org/W2111591633,0,0.016586724389059167,0.05400377593977984,cache,True,0.04158555826820383,40,10,0.0,0.0,0.0,0.0,0.0,0.0,0.0,0.0,0.0
van_Dis_2020,https://openalex.org/W1968620173,0,0.016589606715430496,0.10296363153016116,cache,True,0.08078862306844779,50,10,0.0,1.0,0.007692307692307693,0.0,2.0,0.008130081300813009,0.0,3.0,0.008287292817679558
van_Dis_2020,https://openalex.org/W2115679691,0,0.01658972682304574,0.015780462238290476,cache,True,-0.010260778165873057,38,10,0.0,0.0,0.0,0.0,0.0,0.0,0.0,0.0,0.0
van_Dis_2020,https://openalex.org/W2727710758,0,0.01658864588527026,0.09965252391291259,cache,True,0.0787865890249561,67,10,0.0,0.0,0.0,0.0,2.0,0.007575757575757576,0.0,4.0,0.010554089709762533
van_Dis_2020,https://openalex.org/W2766573664,0,0.01658972682304574,0.03132511109706037,cache,True,0.03298537350536117,74,10,0.0,1.0,0.0064516129032258064,0.0,2.0,0.007380073800738007,0.0,3.0,0.007751937984496124
van_Dis_2020,https://openalex.org/W1600349987,0,0.01658972682304574,0.011964777206112413,cache,True,0.004292441013996243,11,10,0.0,0.0,0.0,0.0,0.0,0.0,0.0,0.0,0.0
van_Dis_2020,https://openalex.org/W1968373192,0,0.01658972682304574,-0.01246801134321266,cache,True,0.009035129635024411,19,10,0.0,0.0,0.0,0.0,0.0,0.0,0.0,0.0,0.0
van_Dis_2020,https://openalex.org/W2087481488,0,0.01658972682304574,0.049726910661622256,cache,True,0.0454455608716981,0,10,0.0,0.0,0.0,0.0,0.0,0.0,0.0,0.0,0.0
van_Dis_2020,https://openalex.org/W2089149909,0,0.01658897616446904,0.04933235819157883,cache,True,0.018668902842776225,69,10,0.0,0.0,0.0,0.0,0.0,0.0,0.0,2.0,0.005221932114882507
Brouwer_2019,https://openalex.org/W2167935782,1,0.014458684945109039,0.36780721703576785,cache,True,0.056357326062738494,50,10,0.0,0.0,0.0,0.0,11.0,0.06666666666666667,0.0,13.0,0.0625
Brouwer_2019,https://openalex.org/W2000699750,1,0.014458663333748385,0.13956401272527216,cache,True,0.00073762684641758,42,10,0.0,2.0,0.03333333333333333,1.0,8.0,0.05,1.0,8.0,0.03902439024390244
Brouwer_2019,https://openalex.org/W4237764986,1,0.014460413953160023,0.2140104648301927,cache,True,0.03976335388767517,39,10,0.0,0.0,0.0,0.0,2.0,0.012195121951219513,0.0,2.0,0.009569377990430622
Brouwer_2019,https://openalex.org/W2151196397,1,0.014458684945109039,0.218524481767785,cache,True,0.04309872491019723,50,10,0.0,0.0,0.0,0.0,1.0,0.005681818181818182,0.0,1.0,0.004524886877828055
Brouwer_2019,https://openalex.org/W2084069051,1,0.014460824621363081,0.10189606359951725,cache,True,-0.03127923458633225,50,10,0.0,0.0,0.0,0.0,5.0,0.029069767441860465,1.0,11.0,0.052132701421800945
Brouwer_2019,https://openalex.org/W4297734513,1,0.014458857837096594,0.27551776243736126,cache,True,0.023965984464409895,0,10,0.0,0.0,0.0,0.0,0.0,0.0,0.0,0.0,0.0
Brouwer_2019,https://openalex.org/W1982903495,1,0.014460413953160023,0.42275915248780194,cache,True,0.005869881732223581,73,10,1.0,1.0,0.010752688172043012,2.0,8.0,0.041666666666666664,2.0,8.0,0.03375527426160337
Brouwer_2019,https://openalex.org/W2128173991,1,0.014458749779374721,0.34432849985169794,cache,True,0.009200591192292745,62,10,0.0,0.0,0.0,0.0,2.0,0.0106951871657754,0.0,3.0,0.012987012987012988
Brouwer_2019,https://openalex.org/W2163131290,1,0.014459722326427563,0.17965533003980563,cache,True,-0.002745770249059795,55,10,0.0,0.0,0.0,0.0,2.0,0.011111111111111112,0.0,2.0,0.008888888888888889
Brouwer_2019,https://openalex.org/W1981083307,1,0.014458684945109039,0.12427266110077183,cache,True,0.0161929520436567,61,10,0.0,0.0,0.0,0.0,2.0,0.010810810810810811,0.0,2.0,0.008695652173913044
Brouwer_2019,https://openalex.org/W1673957087,0,0.014458663333748385,0.1575460664786661,cache,True,0.06599874972178571,19,10,0.0,0.0,0.0,0.0,0.0,0.0,0.0,0.0,0.0
Brouwer_2019,https://openalex.org/W2511234708,0,0.014458684945109039,0.12185413990295244,cache,True,0.015479347297002732,104,10,0.0,0.0,0.0,0.0,0.0,0.0,0.0,0.0,0.0
Brouwer_2019,https://openalex.org/W2010864134,0,0.014458663333748385,0.04828333977473532,cache,True,0.01725813468746873,33,10,0.0,0.0,0.0,0.0,0.0,0.0,0.0,0.0,0.0
Brouwer_2019,https://openalex.org/W3155573292,0,0.014458663333748385,-0.036785411007430185,cache,True,-0.02015612940316283,37,10,0.0,0.0,0.0,0.0,0.0,0.0,0.0,0.0,0.0
Brouwer_2019,https://openalex.org/W1968818592,0,0.014458663333748385,0.060628442516030126,cache,True,-0.028269469132536654,21,10,0.0,0.0,0.0,0.0,0.0,0.0,0.0,0.0,0.0
Brouwer_2019,https://openalex.org/W2053647279,0,0.014458663333748385,0.083153396448097,cache,True,0.00845510759932452,0,10,0.0,0.0,0.0,0.0,0.0,0.0,0.0,0.0,0.0
Brouwer_2019,https://openalex.org/W2009843397,0,0.014458663333748385,0.07774469213927603,cache,True,0.005708716601176181,13,10,0.0,0.0,0.0,0.0,0.0,0.0,0.0,0.0,0.0
Brouwer_2019,https://openalex.org/W2016222915,0,0.014458857837096594,0.14127261582877354,cache,True,-0.0041324072250016886,52,10,0.0,0.0,0.0,0.0,2.0,0.011299435028248588,0.0,3.0,0.013574660633484163
Brouwer_2019,https://openalex.org/W2127129956,0,0.014458663333748385,0.036170787120165054,cache,True,-0.035926557775109336,51,10,0.0,0.0,0.0,0.0,0.0,0.0,0.0,0.0,0.0
Brouwer_2019,https://openalex.org/W2108236117,0,0.014458663333748385,0.10847231494087145,cache,True,-0.015062658892500205,27,10,0.0,0.0,0.0,0.0,0.0,0.0,0.0,0.0,0.0
Walker_2018,https://openalex.org/W2123430482,1,0.007533315163773078,0.021919458168251107,cache,True,-0.004333044899365181,24,10,0.0,0.0,0.0,0.0,0.0,0.0,0.0,0.0,0.0
Walker_2018,https://openalex.org/W2087384250,1,0.007533606047353514,-4.0000342133341294e-05,cache,True,0.012314823722129931,0,10,0.0,0.0,0.0,0.0,0.0,0.0,0.0,0.0,0.0
Walker_2018,https://openalex.org/W2403774278,1,0.007535642544219033,0.009379694686011766,cache,True,0.007816753387363014,0,10,0.0,0.0,0.0,0.0,0.0,0.0,0.0,0.0,0.0
Walker_2018,https://openalex.org/W2054576583,1,0.0075321517408103965,0.07592540477577664,cache,True,0.012182736991533605,33,10,0.0,0.0,0.0,0.0,0.0,0.0,0.0,0.0,0.0
Walker_2018,https://openalex.org/W1995287213,1,0.0075372430316881555,0.0364681840839819,cache,True,0.040645983861352715,11,10,0.0,0.0,0.0,0.0,0.0,0.0,0.0,0.0,0.0
Walker_2018,https://openalex.org/W1982810583,1,0.0075321517408103965,0.02385182325271403,cache,True,-0.01699555311748583,31,10,0.0,0.0,0.0,0.0,0.0,0.0,0.0,0.0,0.0
Walker_2018,https://openalex.org/W2093725065,1,0.007556621037257353,0.0413527354054075,cache,True,0.00901363559260733,64,10,0.0,0.0,0.0,0.0,0.0,0.0,0.0,0.0,0.0
Walker_2018,https://openalex.org/W2287700774,1,0.007534333305023912,0.013802470406226895,cache,True,0.008819837086105321,0,10,0.0,0.0,0.0,0.0,0.0,0.0,0.0,0.0,0.0
Walker_2018,https://openalex.org/W2405529737,1,0.007549621792743057,0.01663997890014833,cache,True,-0.018624001731829216,0,0,0.0,0.0,0.0,0.0,0.0,0.0,0.0,0.0,0.0
Walker_2018,https://openalex.org/W2098034074,1,0.007541318519779488,0.029834319621015543,cache,True,0.0069587504053614385,22,10,0.0,0.0,0.0,0.0,0.0,0.0,0.0,0.0,0.0
Walker_2018,https://openalex.org/W2206707581,0,0.0075321517408103965,0.006897563287183367,cache,True,0.01525224380015966,0,20,0.0,0.0,0.0,0.0,0.0,0.0,0.0,0.0,0.0
Walker_2018,https://openalex.org/W1974126397,0,0.007533315163773078,0.0018965548193183857,cache,True,-0.002903627037848175,35,10,0.0,0.0,0.0,0.0,0.0,0.0,0.0,0.0,0.0
Walker_2018,https://openalex.org/W1992443415,0,0.0075320063254680145,-0.017163152490468007,cache,True,-0.0001748603877229117,18,10,0.0,0.0,0.0,0.0,0.0,0.0,0.0,0.0,0.0
Walker_2018,https://openalex.org/W2120955415,0,0.0075321517408103965,-0.02047195459004259,cache,True,-0.004079700675454878,0,10,0.0,0.0,0.0,0.0,0.0,0.0,0.0,0.0,0.0
Walker_2018,https://openalex.org/W2379337023,0,0.007541318519779488,0.01604647885973001,cache,True,0.004940465087342159,0,10,0.0,0.0,0.0,0.0,0.0,0.0,0.0,0.0,0.0
Walker_2018,https://openalex.org/W147442911,0,0.007533315163773078,0.041988389721923605,cache,True,-0.0033049582000171315,17,10,0.0,0.0,0.0,0.0,0.0,0.0,0.0,0.0,0.0
Walker_2018,https://openalex.org/W2410582597,0,0.0075320063254680145,0.03404332519109916,cache,True,-0.006747622284291266,0,10,0.0,0.0,0.0,0.0,0.0,0.0,0.0,0.0,0.0
Walker_2018,https://openalex.org/W2415459800,0,0.0075321517408103965,0.031103855839982902,cache,True,-0.01562512570158136,13,20,0.0,0.0,0.0,0.0,0.0,0.0,0.0,0.0,0.0
Walker_2018,https://openalex.org/W2109957280,0,0.007532588003541521,0.006156161398169222,cache,True,-0.027157567247863584,49,10,0.0,0.0,0.0,0.0,0.0,0.0,0.0,0.0,0.0
Walker_2018,https://openalex.org/W2075346857,0,0.0075320063254680145,-0.004547168683245379,cache,True,-0.05598721675302891,68,10,0.0,0.0,0.0,0.0,0.0,0.0,0.0,0.0,0.0
