dataset,record_id,true_label,p_include,final_score,model_name,encoder_include_cosine,encoder_exclude_cosine,encoder_delta,record_text_chars
Donners_2021,https://openalex.org/W3016428066,1,0.0010962048447103099,0.0010962048447103099,allenai/scibert_scivocab_uncased,0.607912003993988,0.6648232340812683,-0.05691123008728027,102
Donners_2021,https://openalex.org/W2890442696,1,0.001096243648917699,0.001096243648917699,allenai/scibert_scivocab_uncased,0.7813130021095276,0.8061294555664062,-0.024816453456878662,1684
Donners_2021,https://openalex.org/W2278365462,1,0.0010960806804624097,0.0010960806804624097,allenai/scibert_scivocab_uncased,0.7174616456031799,0.7771520614624023,-0.05969041585922241,399
Donners_2021,https://openalex.org/W3028455363,1,0.0010962669321004305,0.0010962669321004305,allenai/scibert_scivocab_uncased,0.7655448317527771,0.7750054001808167,-0.00946056842803955,1435
Donners_2021,https://openalex.org/W2906655433,0,0.0010954988477106442,0.0010954988477106442,allenai/scibert_scivocab_uncased,0.8014341592788696,0.8518635630607605,-0.05042940378189087,2283
Donners_2021,https://openalex.org/W2610701591,0,0.003591184344015368,0.003591184344015368,allenai/scibert_scivocab_uncased,0.6864323019981384,0.7561677694320679,-0.06973546743392944,1754
Donners_2021,https://openalex.org/W2765359511,0,0.013364182788756665,0.013364182788756665,allenai/scibert_scivocab_uncased,0.7256896495819092,0.8088237047195435,-0.08313405513763428,2040
Donners_2021,https://openalex.org/W2988935613,0,0.003591184344015368,0.003591184344015368,allenai/scibert_scivocab_uncased,0.7285595536231995,0.8415616750717163,-0.11300212144851685,1563
Donners_2021,https://openalex.org/W2986546258,0,0.0010961505211239417,0.0010961505211239417,allenai/scibert_scivocab_uncased,0.7962127923965454,0.8340116143226624,-0.03779882192611694,4408
Donners_2021,https://openalex.org/W3037252784,0,0.0010962669321004305,0.0010962669321004305,allenai/scibert_scivocab_uncased,0.7328733205795288,0.8102874755859375,-0.07741415500640869,286
Donners_2021,https://openalex.org/W2011766387,0,0.001096243648917699,0.001096243648917699,allenai/scibert_scivocab_uncased,0.7294780015945435,0.8083062171936035,-0.07882821559906006,2115
Donners_2021,https://openalex.org/W2940425658,0,0.003591184344015368,0.003591184344015368,allenai/scibert_scivocab_uncased,0.763290524482727,0.7935944199562073,-0.030303895473480225,1230
Donners_2021,https://openalex.org/W3142726662,0,0.001096243648917699,0.001096243648917699,allenai/scibert_scivocab_uncased,0.6153336763381958,0.7097027897834778,-0.09436911344528198,2315
Donners_2021,https://openalex.org/W2983240095,0,0.001096243648917699,0.001096243648917699,allenai/scibert_scivocab_uncased,0.7110775113105774,0.8008790612220764,-0.08980154991149902,4040
Sep_2021,https://openalex.org/W2144529104,1,0.0015374388802028007,0.0015374388802028007,allenai/scibert_scivocab_uncased,0.6874879002571106,0.6888818144798279,-0.0013939142227172852,1345
Sep_2021,https://openalex.org/W2789966204,1,0.020687180697951987,0.020687180697951987,allenai/scibert_scivocab_uncased,0.7064374685287476,0.7100517153739929,-0.0036142468452453613,1710
Sep_2021,https://openalex.org/W2983898801,1,0.0015374388802028007,0.0015374388802028007,allenai/scibert_scivocab_uncased,0.6502336859703064,0.6657534837722778,-0.015519797801971436,1480
Sep_2021,https://openalex.org/W1981925277,1,0.02068774358716133,0.02068774358716133,allenai/scibert_scivocab_uncased,0.6989628672599792,0.708793044090271,-0.009830176830291748,2078
Sep_2021,https://openalex.org/W1768069588,1,0.02068774358716133,0.02068774358716133,allenai/scibert_scivocab_uncased,0.6739505529403687,0.6885937452316284,-0.014643192291259766,867
Sep_2021,https://openalex.org/W2079142947,1,0.020687919493097385,0.020687919493097385,allenai/scibert_scivocab_uncased,0.7062986493110657,0.7080408930778503,-0.001742243766784668,1541
Sep_2021,https://openalex.org/W2606834381,1,0.020687180697951987,0.020687180697951987,allenai/scibert_scivocab_uncased,0.7104610204696655,0.6951178312301636,0.015343189239501953,2421
Sep_2021,https://openalex.org/W2000180785,1,0.02068774358716133,0.02068774358716133,allenai/scibert_scivocab_uncased,0.6989043354988098,0.7116981744766235,-0.01279383897781372,1913
Sep_2021,https://openalex.org/W2024032885,1,0.02068802503735787,0.02068802503735787,allenai/scibert_scivocab_uncased,0.6986391544342041,0.6930404901504517,0.005598664283752441,1219
Sep_2021,https://openalex.org/W1982436123,1,0.02068802503735787,0.02068802503735787,allenai/scibert_scivocab_uncased,0.6647791266441345,0.6828402876853943,-0.018061161041259766,2057
Sep_2021,https://openalex.org/W2581869019,0,0.02068806021889451,0.02068806021889451,allenai/scibert_scivocab_uncased,0.6692276000976562,0.6727245450019836,-0.0034969449043273926,758
Sep_2021,https://openalex.org/W2123081263,0,0.020687919493097385,0.020687919493097385,allenai/scibert_scivocab_uncased,0.6809825897216797,0.6923813223838806,-0.011398732662200928,1861
Sep_2021,https://openalex.org/W2791684544,0,0.020687497321297196,0.020687497321297196,allenai/scibert_scivocab_uncased,0.6643023490905762,0.6939030289649963,-0.029600679874420166,1761
Sep_2021,https://openalex.org/W2111229642,0,0.02068802503735787,0.02068802503735787,allenai/scibert_scivocab_uncased,0.7126305103302002,0.7084816694259644,0.00414884090423584,1720
Sep_2021,https://openalex.org/W2537341202,0,0.020687180697951987,0.020687180697951987,allenai/scibert_scivocab_uncased,0.7166746854782104,0.6995311379432678,0.017143547534942627,1798
Sep_2021,https://openalex.org/W2793756203,0,0.020687180697951987,0.020687180697951987,allenai/scibert_scivocab_uncased,0.6545968651771545,0.661795973777771,-0.007199108600616455,1884
Sep_2021,https://openalex.org/W595773546,0,0.02068802503735787,0.02068802503735787,allenai/scibert_scivocab_uncased,0.7044305205345154,0.695008397102356,0.009422123432159424,1726
Sep_2021,https://openalex.org/W2766428986,0,0.0015374388802028007,0.0015374388802028007,allenai/scibert_scivocab_uncased,0.6684693098068237,0.6961013674736023,-0.027632057666778564,1714
Sep_2021,https://openalex.org/W2046706409,0,0.02068802503735787,0.02068802503735787,allenai/scibert_scivocab_uncased,0.6934636831283569,0.6975515484809875,-0.004087865352630615,1430
Sep_2021,https://openalex.org/W2164609613,0,0.019305342455324174,0.019305342455324174,allenai/scibert_scivocab_uncased,0.6791414618492126,0.6913079023361206,-0.012166440486907959,1840
Nelson_2002,https://openalex.org/W2075822341,1,0.0328896144946762,0.0328896144946762,allenai/scibert_scivocab_uncased,0.7507233023643494,0.7437340021133423,0.00698930025100708,2425
Nelson_2002,https://openalex.org/W4244526763,1,0.017817660707140175,0.017817660707140175,allenai/scibert_scivocab_uncased,0.7457849383354187,0.7457236051559448,6.133317947387695e-05,2497
Nelson_2002,https://openalex.org/W2009902348,1,0.017819457317090916,0.017819457317090916,allenai/scibert_scivocab_uncased,0.7443093657493591,0.7035127878189087,0.04079657793045044,1702
Nelson_2002,https://openalex.org/W2041492652,1,0.017816263466569077,0.017816263466569077,allenai/scibert_scivocab_uncased,0.7574338316917419,0.7321171164512634,0.025316715240478516,2563
Nelson_2002,https://openalex.org/W2134182256,1,0.017815265503368094,0.017815265503368094,allenai/scibert_scivocab_uncased,0.717344343662262,0.7138619422912598,0.0034824013710021973,1787
Nelson_2002,https://openalex.org/W2027858461,1,0.017830640205018466,0.017830640205018466,allenai/scibert_scivocab_uncased,0.7122225761413574,0.7012795209884644,0.010943055152893066,2783
Nelson_2002,https://openalex.org/W2022187355,1,0.0015374388802028007,0.0015374388802028007,allenai/scibert_scivocab_uncased,0.7913193106651306,0.7619702816009521,0.029349029064178467,2671
Nelson_2002,https://openalex.org/W2045913584,1,0.017821653414604576,0.017821653414604576,allenai/scibert_scivocab_uncased,0.6992286443710327,0.6918839812278748,0.007344663143157959,1603
Nelson_2002,https://openalex.org/W2142604492,1,0.017816263466569077,0.017816263466569077,allenai/scibert_scivocab_uncased,0.7147738933563232,0.7092568874359131,0.005517005920410156,1710
Nelson_2002,https://openalex.org/W2113533145,1,0.018393663525077913,0.018393663525077913,allenai/scibert_scivocab_uncased,0.7160720229148865,0.7301912903785706,-0.014119267463684082,1762
Nelson_2002,https://openalex.org/W1978583360,0,0.017821653414604576,0.017821653414604576,allenai/scibert_scivocab_uncased,0.7053121328353882,0.6931779980659485,0.012134134769439697,2170
Nelson_2002,https://openalex.org/W2037099926,0,0.017814467172289652,0.017814467172289652,allenai/scibert_scivocab_uncased,0.7399016618728638,0.7257322072982788,0.014169454574584961,2467
Nelson_2002,https://openalex.org/W1974663609,0,0.017816263466569077,0.017816263466569077,allenai/scibert_scivocab_uncased,0.7056084871292114,0.7127503156661987,-0.007141828536987305,1463
Nelson_2002,https://openalex.org/W2031206742,0,0.017819457317090916,0.017819457317090916,allenai/scibert_scivocab_uncased,0.7504320740699768,0.7311195731163025,0.019312500953674316,1854
Nelson_2002,https://openalex.org/W1989688260,0,0.0015374388802028007,0.0015374388802028007,allenai/scibert_scivocab_uncased,0.6991065740585327,0.6815476417541504,0.017558932304382324,1246
Nelson_2002,https://openalex.org/W2103043920,0,0.017821653414604576,0.017821653414604576,allenai/scibert_scivocab_uncased,0.7234700322151184,0.7277268171310425,-0.004256784915924072,2094
Nelson_2002,https://openalex.org/W2012205995,0,0.017814467172289652,0.017814467172289652,allenai/scibert_scivocab_uncased,0.7115891575813293,0.7005342245101929,0.011054933071136475,1830
Nelson_2002,https://openalex.org/W2133667885,0,0.017814666751768425,0.017814666751768425,allenai/scibert_scivocab_uncased,0.695813775062561,0.6909877061843872,0.004826068878173828,1813
Nelson_2002,https://openalex.org/W1996599354,0,0.017817660707140175,0.017817660707140175,allenai/scibert_scivocab_uncased,0.6821237206459045,0.6922720670700073,-0.010148346424102783,2493
Nelson_2002,https://openalex.org/W1976365229,0,0.017821653414604576,0.017821653414604576,allenai/scibert_scivocab_uncased,0.7424942255020142,0.7081207036972046,0.03437352180480957,2226
van_der_Valk_2021,https://openalex.org/W2179093238,1,0.009504949286724797,0.009504949286724797,allenai/scibert_scivocab_uncased,0.7041773200035095,0.6048141717910767,0.09936314821243286,1817
van_der_Valk_2021,https://openalex.org/W2781512779,1,0.009504949286724797,0.009504949286724797,allenai/scibert_scivocab_uncased,0.7039810419082642,0.6159398555755615,0.08804118633270264,1613
van_der_Valk_2021,https://openalex.org/W2593635594,1,0.009505745341476343,0.009505745341476343,allenai/scibert_scivocab_uncased,0.8028402924537659,0.6800978183746338,0.12274247407913208,1775
van_der_Valk_2021,https://openalex.org/W1987951226,1,0.009504471685553798,0.009504471685553798,allenai/scibert_scivocab_uncased,0.7534195184707642,0.6495148539543152,0.10390466451644897,1738
van_der_Valk_2021,https://openalex.org/W2911774639,1,0.009505745341476343,0.009505745341476343,allenai/scibert_scivocab_uncased,0.6712417006492615,0.6054034233093262,0.0658382773399353,2288
van_der_Valk_2021,https://openalex.org/W2952197677,1,0.009504949286724797,0.009504949286724797,allenai/scibert_scivocab_uncased,0.7444730401039124,0.6553741097450256,0.08909893035888672,2490
van_der_Valk_2021,https://openalex.org/W3020810195,1,0.009504471685553798,0.009504471685553798,allenai/scibert_scivocab_uncased,0.7103846669197083,0.6149231791496277,0.09546148777008057,2004
van_der_Valk_2021,https://openalex.org/W2921445979,1,0.00950431249044358,0.00950431249044358,allenai/scibert_scivocab_uncased,0.7212019562721252,0.6204850077629089,0.10071694850921631,2411
van_der_Valk_2021,https://openalex.org/W2044761599,1,0.009506859929003367,0.009506859929003367,allenai/scibert_scivocab_uncased,0.6938228607177734,0.6172569990158081,0.07656586170196533,1298
van_der_Valk_2021,https://openalex.org/W2911277958,1,0.00950431249044358,0.00950431249044358,allenai/scibert_scivocab_uncased,0.7669656872749329,0.6484713554382324,0.11849433183670044,2076
van_der_Valk_2021,https://openalex.org/W2728532422,0,0.00950431249044358,0.00950431249044358,allenai/scibert_scivocab_uncased,0.7230281829833984,0.646145761013031,0.07688242197036743,1768
van_der_Valk_2021,https://openalex.org/W2403997134,0,0.009504949286724797,0.009504949286724797,allenai/scibert_scivocab_uncased,0.735687792301178,0.6342109441757202,0.10147684812545776,1035
van_der_Valk_2021,https://openalex.org/W2603684978,0,0.00950431249044358,0.00950431249044358,allenai/scibert_scivocab_uncased,0.6997779607772827,0.63388991355896,0.06588804721832275,2097
van_der_Valk_2021,https://openalex.org/W2792972871,0,0.00950431249044358,0.00950431249044358,allenai/scibert_scivocab_uncased,0.6960452198982239,0.6316388845443726,0.06440633535385132,2899
van_der_Valk_2021,https://openalex.org/W2188348669,0,0.00950431249044358,0.00950431249044358,allenai/scibert_scivocab_uncased,0.6267334222793579,0.5729495286941528,0.05378389358520508,1717
van_der_Valk_2021,https://openalex.org/W2080313127,0,0.009504949286724797,0.009504949286724797,allenai/scibert_scivocab_uncased,0.6938754916191101,0.6265134811401367,0.06736201047897339,1714
van_der_Valk_2021,https://openalex.org/W2044764304,0,0.009504949286724797,0.009504949286724797,allenai/scibert_scivocab_uncased,0.752477765083313,0.6750887036323547,0.07738906145095825,1856
van_der_Valk_2021,https://openalex.org/W4245051067,0,0.00950431249044358,0.00950431249044358,allenai/scibert_scivocab_uncased,0.6707700490951538,0.6185894012451172,0.05218064785003662,2479
van_der_Valk_2021,https://openalex.org/W1483199116,0,0.00950431249044358,0.00950431249044358,allenai/scibert_scivocab_uncased,0.7598373889923096,0.652553379535675,0.10728400945663452,1907
van_der_Valk_2021,https://openalex.org/W3025428317,0,0.009510045177493565,0.009510045177493565,allenai/scibert_scivocab_uncased,0.6953891515731812,0.5940108299255371,0.10137832164764404,1416
Meijboom_2021,https://openalex.org/W3089681955,1,0.010619104359439876,0.010619104359439876,allenai/scibert_scivocab_uncased,0.7046483159065247,0.7032844424247742,0.0013638734817504883,1801
Meijboom_2021,https://openalex.org/W2764082441,1,0.010614541255234136,0.010614541255234136,allenai/scibert_scivocab_uncased,0.727297842502594,0.699825644493103,0.027472198009490967,2123
Meijboom_2021,https://openalex.org/W2911287680,1,0.010617887342089538,0.010617887342089538,allenai/scibert_scivocab_uncased,0.7397268414497375,0.7005173563957214,0.03920948505401611,1860
Meijboom_2021,https://openalex.org/W2792122651,1,0.010619104359439876,0.010619104359439876,allenai/scibert_scivocab_uncased,0.7098978757858276,0.6957061290740967,0.014191746711730957,1797
Meijboom_2021,https://openalex.org/W3127592492,1,0.010619104359439876,0.010619104359439876,allenai/scibert_scivocab_uncased,0.7159006595611572,0.6851608157157898,0.03073984384536743,1560
Meijboom_2021,https://openalex.org/W3048797834,1,0.010615940401073774,0.010615940401073774,allenai/scibert_scivocab_uncased,0.7446857690811157,0.6895321011543274,0.05515366792678833,2066
Meijboom_2021,https://openalex.org/W2913890755,1,0.01061823891072029,0.01061823891072029,allenai/scibert_scivocab_uncased,0.7191417813301086,0.6832590699195862,0.03588271141052246,1770
Meijboom_2021,https://openalex.org/W3093730414,1,0.010617481700273249,0.010617481700273249,allenai/scibert_scivocab_uncased,0.7245135307312012,0.6884276866912842,0.03608584403991699,1916
Meijboom_2021,https://openalex.org/W2898096328,1,0.01061823891072029,0.01061823891072029,allenai/scibert_scivocab_uncased,0.7410938739776611,0.6915344595909119,0.04955941438674927,2117
Meijboom_2021,https://openalex.org/W2774116866,1,0.010617481700273249,0.010617481700273249,allenai/scibert_scivocab_uncased,0.7245157957077026,0.7101106643676758,0.014405131340026855,1946
Meijboom_2021,https://openalex.org/W2531216194,0,0.010619104359439876,0.010619104359439876,allenai/scibert_scivocab_uncased,0.7038069367408752,0.6972712278366089,0.006535708904266357,1378
Meijboom_2021,https://openalex.org/W2549378917,0,0.010619212545430941,0.010619212545430941,allenai/scibert_scivocab_uncased,0.6479637026786804,0.6759012937545776,-0.027937591075897217,1391
Meijboom_2021,https://openalex.org/W2985840482,0,0.010618969128482586,0.010618969128482586,allenai/scibert_scivocab_uncased,0.6960546374320984,0.6845788955688477,0.011475741863250732,2673
Meijboom_2021,https://openalex.org/W2917800966,0,0.010618779808001376,0.010618779808001376,allenai/scibert_scivocab_uncased,0.6745527982711792,0.6763689517974854,-0.0018161535263061523,1788
Meijboom_2021,https://openalex.org/W2310313429,0,0.010619185498831075,0.010619185498831075,allenai/scibert_scivocab_uncased,0.6709802150726318,0.6765892505645752,-0.005609035491943359,1725
Meijboom_2021,https://openalex.org/W3000887545,0,0.010619104359439876,0.010619104359439876,allenai/scibert_scivocab_uncased,0.529414176940918,0.5439818501472473,-0.014567673206329346,122
Meijboom_2021,https://openalex.org/W2938370322,0,0.010619104359439876,0.010619104359439876,allenai/scibert_scivocab_uncased,0.48237690329551697,0.49221688508987427,-0.0098399817943573,55
Meijboom_2021,https://openalex.org/W2480851940,0,0.010619104359439876,0.010619104359439876,allenai/scibert_scivocab_uncased,0.6947238445281982,0.6780113577842712,0.016712486743927002,2165
Meijboom_2021,https://openalex.org/W2889381861,0,0.010619212545430941,0.010619212545430941,allenai/scibert_scivocab_uncased,0.6367435455322266,0.6257094740867615,0.011034071445465088,1086
Meijboom_2021,https://openalex.org/W2117722893,0,0.010618779808001376,0.010618779808001376,allenai/scibert_scivocab_uncased,0.6478133797645569,0.7046350240707397,-0.05682164430618286,2632
Oud_2018,https://openalex.org/W2096356290,1,0.0013111965229425373,0.0013111965229425373,allenai/scibert_scivocab_uncased,0.721697986125946,0.7737976312637329,-0.052099645137786865,2234
Oud_2018,https://openalex.org/W2002268935,0,0.01288513209619626,0.01288513209619626,allenai/scibert_scivocab_uncased,0.652593195438385,0.6815715432167053,-0.028978347778320312,1303
Oud_2018,https://openalex.org/W2068470537,0,0.012885241197021636,0.012885241197021636,allenai/scibert_scivocab_uncased,0.6362356543540955,0.6735808253288269,-0.037345170974731445,2132
Oud_2018,https://openalex.org/W1994796287,0,0.012884804799165997,0.012884804799165997,allenai/scibert_scivocab_uncased,0.6722842454910278,0.7194520831108093,-0.047167837619781494,1920
Oud_2018,https://openalex.org/W2187271559,0,0.01288513209619626,0.01288513209619626,allenai/scibert_scivocab_uncased,0.6256183981895447,0.6949343085289001,-0.06931591033935547,1820
Oud_2018,https://openalex.org/W1969321104,0,0.012885241197021636,0.012885241197021636,allenai/scibert_scivocab_uncased,0.6396145820617676,0.7399523854255676,-0.10033780336380005,1868
Oud_2018,https://openalex.org/W2061352725,0,0.003079213361818003,0.003079213361818003,allenai/scibert_scivocab_uncased,0.6433933973312378,0.6665696501731873,-0.023176252841949463,1388
Oud_2018,https://openalex.org/W61611410,0,0.01288513209619626,0.01288513209619626,allenai/scibert_scivocab_uncased,0.4781808853149414,0.5596252679824829,-0.0814443826675415,63
Oud_2018,https://openalex.org/W1994404107,0,0.012884804799165997,0.012884804799165997,allenai/scibert_scivocab_uncased,0.6430076956748962,0.7101125717163086,-0.06710487604141235,1033
Oud_2018,https://openalex.org/W2002091110,0,0.012885241197021636,0.012885241197021636,allenai/scibert_scivocab_uncased,0.6163206696510315,0.6906909942626953,-0.07437032461166382,1370
Oud_2018,https://openalex.org/W2328956903,0,0.012885241197021636,0.012885241197021636,allenai/scibert_scivocab_uncased,0.6550239324569702,0.7141732573509216,-0.059149324893951416,1844
Menon_2022,https://openalex.org/W2999401301,1,0.053695270063885914,0.053695270063885914,allenai/scibert_scivocab_uncased,0.8447067141532898,0.648764967918396,0.1959417462348938,1571
Menon_2022,https://openalex.org/W3017013680,1,0.010802044006220904,0.010802044006220904,allenai/scibert_scivocab_uncased,0.7973685264587402,0.596329391002655,0.2010391354560852,1259
Menon_2022,https://openalex.org/W3008143010,1,0.0536893620356352,0.0536893620356352,allenai/scibert_scivocab_uncased,0.8028226494789124,0.5960726141929626,0.2067500352859497,1028
Menon_2022,https://openalex.org/W3006585406,1,0.0536893620356352,0.0536893620356352,allenai/scibert_scivocab_uncased,0.7548503279685974,0.5728285312652588,0.18202179670333862,1918
Menon_2022,https://openalex.org/W2985765771,1,0.010805601651876974,0.010805601651876974,allenai/scibert_scivocab_uncased,0.8344531059265137,0.6211169958114624,0.21333611011505127,2101
Menon_2022,https://openalex.org/W3014686162,1,0.0536893620356352,0.0536893620356352,allenai/scibert_scivocab_uncased,0.7932047247886658,0.6199468970298767,0.17325782775878906,1972
Menon_2022,https://openalex.org/W3012247440,1,0.0536893620356352,0.0536893620356352,allenai/scibert_scivocab_uncased,0.8570982813835144,0.6161712408065796,0.24092704057693481,1561
Menon_2022,https://openalex.org/W3020494631,1,0.010805148796336931,0.010805148796336931,allenai/scibert_scivocab_uncased,0.7539585828781128,0.5699403882026672,0.18401819467544556,1020
Menon_2022,https://openalex.org/W2985113252,1,0.05367862173333743,0.05367862173333743,allenai/scibert_scivocab_uncased,0.8339537382125854,0.6417360305786133,0.19221770763397217,1550
Menon_2022,https://openalex.org/W2989222914,1,0.010802044006220904,0.010802044006220904,allenai/scibert_scivocab_uncased,0.8061192035675049,0.6218729019165039,0.18424630165100098,1647
Menon_2022,https://openalex.org/W3010885793,0,0.010803855026658617,0.010803855026658617,allenai/scibert_scivocab_uncased,0.8111275434494019,0.6128997206687927,0.19822782278060913,1568
Menon_2022,https://openalex.org/W2996818840,0,0.010806119224018114,0.010806119224018114,allenai/scibert_scivocab_uncased,0.814774751663208,0.614967405796051,0.19980734586715698,2238
Menon_2022,https://openalex.org/W3020263606,0,0.010806119224018114,0.010806119224018114,allenai/scibert_scivocab_uncased,0.7995643615722656,0.6417423486709595,0.15782201290130615,1512
Menon_2022,https://openalex.org/W3018612201,0,0.010806119224018114,0.010806119224018114,allenai/scibert_scivocab_uncased,0.7170073986053467,0.5991302132606506,0.11787718534469604,2473
Menon_2022,https://openalex.org/W3024115300,0,0.010805148796336931,0.010805148796336931,allenai/scibert_scivocab_uncased,0.872879147529602,0.648535430431366,0.22434371709823608,2056
Menon_2022,https://openalex.org/W2961806271,0,0.0536893620356352,0.0536893620356352,allenai/scibert_scivocab_uncased,0.8548227548599243,0.6472585797309875,0.20756417512893677,1780
Menon_2022,https://openalex.org/W3013064054,0,0.010803855026658617,0.010803855026658617,allenai/scibert_scivocab_uncased,0.7875556349754333,0.6201210021972656,0.16743463277816772,1838
Menon_2022,https://openalex.org/W3033415599,0,0.010806119224018114,0.010806119224018114,allenai/scibert_scivocab_uncased,0.7947323322296143,0.6252704858779907,0.16946184635162354,1627
Menon_2022,https://openalex.org/W3019024509,0,0.010806119224018114,0.010806119224018114,allenai/scibert_scivocab_uncased,0.845300555229187,0.641077995300293,0.20422255992889404,2151
Menon_2022,https://openalex.org/W3000312615,0,0.010806119224018114,0.010806119224018114,allenai/scibert_scivocab_uncased,0.8430700898170471,0.6425211429595947,0.2005489468574524,2045
Jeyaraman_2020,https://openalex.org/W2990325718,1,0.020210683290034316,0.020210683290034316,allenai/scibert_scivocab_uncased,0.7453187704086304,0.7154513001441956,0.029867470264434814,2365
Jeyaraman_2020,https://openalex.org/W2295571328,1,0.020210875114821863,0.020210875114821863,allenai/scibert_scivocab_uncased,0.7140247225761414,0.6836565732955933,0.030368149280548096,2495
Jeyaraman_2020,https://openalex.org/W2009786866,1,0.02020857333449669,0.02020857333449669,allenai/scibert_scivocab_uncased,0.6833688020706177,0.6476017832756042,0.03576701879501343,1209
Jeyaraman_2020,https://openalex.org/W2196967344,1,0.020211028575929012,0.020211028575929012,allenai/scibert_scivocab_uncased,0.754306972026825,0.7034976482391357,0.05080932378768921,3398
Jeyaraman_2020,https://openalex.org/W2055110769,1,0.020210875114821863,0.020210875114821863,allenai/scibert_scivocab_uncased,0.6887530088424683,0.670708417892456,0.018044590950012207,1913
Jeyaraman_2020,https://openalex.org/W2904714324,1,0.020210875114821863,0.020210875114821863,allenai/scibert_scivocab_uncased,0.7410658597946167,0.6942757964134216,0.04679006338119507,2738
Jeyaraman_2020,https://openalex.org/W2025577300,1,0.0202109902105458,0.0202109902105458,allenai/scibert_scivocab_uncased,0.7019813060760498,0.6601946949958801,0.04178661108016968,2627
Jeyaraman_2020,https://openalex.org/W2079333649,1,0.020210875114821863,0.020210875114821863,allenai/scibert_scivocab_uncased,0.7010557651519775,0.6751759648323059,0.02587980031967163,2204
Jeyaraman_2020,https://openalex.org/W2509439226,1,0.020210414738312022,0.020210414738312022,allenai/scibert_scivocab_uncased,0.7150065302848816,0.6701104044914246,0.04489612579345703,1973
Jeyaraman_2020,https://openalex.org/W2133096089,1,0.020211028575929012,0.020211028575929012,allenai/scibert_scivocab_uncased,0.692372739315033,0.6475910544395447,0.04478168487548828,3702
Jeyaraman_2020,https://openalex.org/W2603885910,0,0.020210414738312022,0.020210414738312022,allenai/scibert_scivocab_uncased,0.7238125205039978,0.6702747344970703,0.05353778600692749,1649
Jeyaraman_2020,https://openalex.org/W2098557080,0,0.020211028575929012,0.020211028575929012,allenai/scibert_scivocab_uncased,0.7184523344039917,0.6688932776451111,0.049559056758880615,1569
Jeyaraman_2020,https://openalex.org/W2905952677,0,0.020211028575929012,0.020211028575929012,allenai/scibert_scivocab_uncased,0.7547757029533386,0.6929738521575928,0.06180185079574585,1834
Jeyaraman_2020,https://openalex.org/W2086394725,0,0.019712931746511297,0.019712931746511297,allenai/scibert_scivocab_uncased,0.7432430386543274,0.6884139776229858,0.05482906103134155,1837
Jeyaraman_2020,https://openalex.org/W2934397008,0,0.020211028575929012,0.020211028575929012,allenai/scibert_scivocab_uncased,0.7663950324058533,0.6769818663597107,0.08941316604614258,2332
Jeyaraman_2020,https://openalex.org/W2944966022,0,0.020210414738312022,0.020210414738312022,allenai/scibert_scivocab_uncased,0.6696828007698059,0.6222878694534302,0.04739493131637573,840
Jeyaraman_2020,https://openalex.org/W2769942584,0,0.020210875114821863,0.020210875114821863,allenai/scibert_scivocab_uncased,0.6995541453361511,0.6731970906257629,0.026357054710388184,2070
Jeyaraman_2020,https://openalex.org/W2015570933,0,0.020210414738312022,0.020210414738312022,allenai/scibert_scivocab_uncased,0.6968302130699158,0.6438183784484863,0.05301183462142944,2211
Jeyaraman_2020,https://openalex.org/W2101759648,0,0.020210414738312022,0.020210414738312022,allenai/scibert_scivocab_uncased,0.6608363389968872,0.6519137024879456,0.00892263650894165,1107
Jeyaraman_2020,https://openalex.org/W3152811302,0,0.0202109902105458,0.0202109902105458,allenai/scibert_scivocab_uncased,0.717360258102417,0.6677939295768738,0.04956632852554321,2037
Chou_2004,https://openalex.org/W2013721829,1,0.0019465708655086271,0.0019465708655086271,allenai/scibert_scivocab_uncased,0.8220537304878235,0.76612788438797,0.055925846099853516,1779
Chou_2004,https://openalex.org/W2146359394,1,0.0019477594707593335,0.0019477594707593335,allenai/scibert_scivocab_uncased,0.7989681959152222,0.6913143396377563,0.10765385627746582,1063
Chou_2004,https://openalex.org/W2028987665,1,0.0019477743328962813,0.0019477743328962813,allenai/scibert_scivocab_uncased,0.8318372368812561,0.7344711422920227,0.0973660945892334,1602
Chou_2004,https://openalex.org/W2036517832,1,0.0007953087362903389,0.0007953087362903389,allenai/scibert_scivocab_uncased,0.782305121421814,0.7049993872642517,0.07730573415756226,1760
Chou_2004,https://openalex.org/W15533634,1,0.0019477594707593335,0.0019477594707593335,allenai/scibert_scivocab_uncased,0.7650040984153748,0.7027459740638733,0.062258124351501465,1050
Chou_2004,https://openalex.org/W1508296484,1,0.0019477594707593335,0.0019477594707593335,allenai/scibert_scivocab_uncased,0.778549313545227,0.7391186952590942,0.03943061828613281,606
Chou_2004,https://openalex.org/W2070011903,1,0.0019477148850258258,0.0019477148850258258,allenai/scibert_scivocab_uncased,0.865850567817688,0.787926197052002,0.07792437076568604,3012
Chou_2004,https://openalex.org/W2013386935,0,0.0019477594707593335,0.0019477594707593335,allenai/scibert_scivocab_uncased,0.5982134342193604,0.6176950335502625,-0.0194815993309021,44
Chou_2004,https://openalex.org/W1984191820,0,0.0019477594707593335,0.0019477594707593335,allenai/scibert_scivocab_uncased,0.8315078020095825,0.7417951226234436,0.08971267938613892,2086
Chou_2004,https://openalex.org/W2277312589,0,0.0019477743328962813,0.0019477743328962813,allenai/scibert_scivocab_uncased,0.8119826316833496,0.7117935419082642,0.10018908977508545,1068
Chou_2004,https://openalex.org/W4245251215,0,0.0007961302320980835,0.0007961302320980835,allenai/scibert_scivocab_uncased,0.5305138230323792,0.4724920690059662,0.058021754026412964,18
Chou_2004,https://openalex.org/W1998116954,0,0.001947536552251405,0.001947536552251405,allenai/scibert_scivocab_uncased,0.5984520316123962,0.5550509691238403,0.04340106248855591,46
Chou_2004,https://openalex.org/W1982885807,0,0.0019477743328962813,0.0019477743328962813,allenai/scibert_scivocab_uncased,0.8037363886833191,0.7253856062889099,0.07835078239440918,2120
Chou_2004,https://openalex.org/W2018569432,0,0.0019477148850258258,0.0019477148850258258,allenai/scibert_scivocab_uncased,0.49744656682014465,0.4302990138530731,0.06714755296707153,47
Chou_2004,https://openalex.org/W72436669,0,0.0019477743328962813,0.0019477743328962813,allenai/scibert_scivocab_uncased,0.8078453540802002,0.7432715892791748,0.06457376480102539,1702
Chou_2004,https://openalex.org/W2004951475,0,0.0015374388802028007,0.0015374388802028007,allenai/scibert_scivocab_uncased,0.60966557264328,0.5591219663619995,0.05054360628128052,189
Chou_2004,https://openalex.org/W2440605014,0,0.0019477743328962813,0.0019477743328962813,allenai/scibert_scivocab_uncased,0.7412244081497192,0.6761787533760071,0.06504565477371216,556
Chou_2003,https://openalex.org/W2052993135,1,0.010558751535382528,0.010558751535382528,allenai/scibert_scivocab_uncased,0.813761830329895,0.7524271607398987,0.06133466958999634,1708
Chou_2003,https://openalex.org/W2472926247,1,0.010558751535382528,0.010558751535382528,allenai/scibert_scivocab_uncased,0.7360448837280273,0.7184330821037292,0.017611801624298096,1492
Chou_2003,https://openalex.org/W2132469876,1,0.010558692632332584,0.010558692632332584,allenai/scibert_scivocab_uncased,0.7441239356994629,0.7154508829116821,0.02867305278778076,1565
Chou_2003,https://openalex.org/W2084152520,1,0.010558692632332584,0.010558692632332584,allenai/scibert_scivocab_uncased,0.7337470054626465,0.677862823009491,0.05588418245315552,1990
Chou_2003,https://openalex.org/W2290133626,1,0.010558692632332584,0.010558692632332584,allenai/scibert_scivocab_uncased,0.8467481136322021,0.7826175093650818,0.06413060426712036,1807
Chou_2003,https://openalex.org/W2062755530,1,0.0008193226114803461,0.0008193226114803461,allenai/scibert_scivocab_uncased,0.7359715700149536,0.6982821822166443,0.037689387798309326,1084
Chou_2003,https://openalex.org/W2117950925,1,0.010558782389490338,0.010558782389490338,allenai/scibert_scivocab_uncased,0.7967915534973145,0.7295717000961304,0.06721985340118408,2130
Chou_2003,https://openalex.org/W2007733326,0,0.010558681412740743,0.010558681412740743,allenai/scibert_scivocab_uncased,0.7825177907943726,0.7331549525260925,0.04936283826828003,2312
Chou_2003,https://openalex.org/W2019569027,0,0.010558684217637615,0.010558684217637615,allenai/scibert_scivocab_uncased,0.6509724259376526,0.604443371295929,0.04652905464172363,2116
Chou_2003,https://openalex.org/W2075716831,0,0.010558684217637615,0.010558684217637615,allenai/scibert_scivocab_uncased,0.777769148349762,0.7532086372375488,0.024560511112213135,3510
Chou_2003,https://openalex.org/W2335579371,0,0.010558692632332584,0.010558692632332584,allenai/scibert_scivocab_uncased,0.7531595826148987,0.7144702076911926,0.038689374923706055,2328
Chou_2003,https://openalex.org/W2216586479,0,0.010558681412740743,0.010558681412740743,allenai/scibert_scivocab_uncased,0.6955804228782654,0.6686750650405884,0.026905357837677002,1023
Chou_2003,https://openalex.org/W2171652630,0,0.010558681412740743,0.010558681412740743,allenai/scibert_scivocab_uncased,0.6474675536155701,0.6150634288787842,0.03240412473678589,3450
Chou_2003,https://openalex.org/W4243305461,0,0.010558684217637615,0.010558684217637615,allenai/scibert_scivocab_uncased,0.7595100998878479,0.7163441181182861,0.04316598176956177,932
Chou_2003,https://openalex.org/W2402661466,0,0.010558681412740743,0.010558681412740743,allenai/scibert_scivocab_uncased,0.7446261048316956,0.7057459354400635,0.03888016939163208,1757
Chou_2003,https://openalex.org/W2155596369,0,0.010558681412740743,0.010558681412740743,allenai/scibert_scivocab_uncased,0.7566759586334229,0.7218138575553894,0.03486210107803345,1259
Chou_2003,https://openalex.org/W2077990975,0,0.010558782389490338,0.010558782389490338,allenai/scibert_scivocab_uncased,0.5849658846855164,0.5891424417495728,-0.0041765570640563965,127
van_der_Waal_2022,https://openalex.org/W2754495680,1,0.015862382710772456,0.015862382710772456,allenai/scibert_scivocab_uncased,0.7760119438171387,0.6687586903572083,0.10725325345993042,2119
van_der_Waal_2022,https://openalex.org/W1978275750,1,0.0010900723220077725,0.0010900723220077725,allenai/scibert_scivocab_uncased,0.7572133541107178,0.6471899151802063,0.11002343893051147,1948
van_der_Waal_2022,https://openalex.org/W2565759034,1,0.015861998615439184,0.015861998615439184,allenai/scibert_scivocab_uncased,0.773415744304657,0.667385995388031,0.10602974891662598,1864
van_der_Waal_2022,https://openalex.org/W1981637939,1,0.0010900723220077725,0.0010900723220077725,allenai/scibert_scivocab_uncased,0.7311773300170898,0.6713234186172485,0.05985391139984131,1901
van_der_Waal_2022,https://openalex.org/W1990677988,1,0.029788572334966887,0.029788572334966887,allenai/scibert_scivocab_uncased,0.7016203999519348,0.6256610155105591,0.07595938444137573,482
van_der_Waal_2022,https://openalex.org/W1514161468,1,0.015862382710772456,0.015862382710772456,allenai/scibert_scivocab_uncased,0.7491127252578735,0.6651462316513062,0.08396649360656738,2039
van_der_Waal_2022,https://openalex.org/W2029503514,0,0.01586228668609396,0.01586228668609396,allenai/scibert_scivocab_uncased,0.7454744577407837,0.6460538506507874,0.09942060708999634,1842
van_der_Waal_2022,https://openalex.org/W2887809138,0,0.01586084638353657,0.01586084638353657,allenai/scibert_scivocab_uncased,0.6649398803710938,0.6366074085235596,0.02833247184753418,2158
van_der_Waal_2022,https://openalex.org/W1934374913,0,0.015862382710772456,0.015862382710772456,allenai/scibert_scivocab_uncased,0.7175732254981995,0.6418613195419312,0.07571190595626831,2319
van_der_Waal_2022,https://openalex.org/W2093194558,0,0.01586228668609396,0.01586228668609396,allenai/scibert_scivocab_uncased,0.6237947940826416,0.5925536155700684,0.031241178512573242,823
van_der_Waal_2022,https://openalex.org/W2768895481,0,0.015861782565776097,0.015861782565776097,allenai/scibert_scivocab_uncased,0.733041524887085,0.6299757957458496,0.10306572914123535,1785
van_der_Waal_2022,https://openalex.org/W3003134945,0,0.015862166656038196,0.015862166656038196,allenai/scibert_scivocab_uncased,0.7285571098327637,0.6100117564201355,0.11854535341262817,2349
van_der_Waal_2022,https://openalex.org/W2029482052,0,0.015862166656038196,0.015862166656038196,allenai/scibert_scivocab_uncased,0.6441563367843628,0.6257103085517883,0.018446028232574463,1484
van_der_Waal_2022,https://openalex.org/W3032267780,0,0.015862382710772456,0.015862382710772456,allenai/scibert_scivocab_uncased,0.6230935454368591,0.6016413569450378,0.02145218849182129,1907
van_der_Waal_2022,https://openalex.org/W3097490979,0,0.015862382710772456,0.015862382710772456,allenai/scibert_scivocab_uncased,0.6954762935638428,0.6742872595787048,0.02118903398513794,2487
van_der_Waal_2022,https://openalex.org/W2980875203,0,0.015862358704550012,0.015862358704550012,allenai/scibert_scivocab_uncased,0.7265252470970154,0.6361000537872314,0.09042519330978394,2237
Smid_2020,https://openalex.org/W1984862890,1,0.028737086792897597,0.028737086792897597,allenai/scibert_scivocab_uncased,0.6003464460372925,0.6068826913833618,-0.006536245346069336,170
Smid_2020,https://openalex.org/W1971638368,1,0.011614062202975253,0.011614062202975253,allenai/scibert_scivocab_uncased,0.7130399942398071,0.6950916647911072,0.01794832944869995,1107
Smid_2020,https://openalex.org/W2755730676,1,0.00135355083697544,0.00135355083697544,allenai/scibert_scivocab_uncased,0.6985211968421936,0.6807963848114014,0.017724812030792236,1614
Smid_2020,https://openalex.org/W2166224031,0,0.0013535801377396936,0.0013535801377396936,allenai/scibert_scivocab_uncased,0.6520509123802185,0.6794828176498413,-0.027431905269622803,1107
Smid_2020,https://openalex.org/W2587597800,0,0.0013535057601107886,0.0013535057601107886,allenai/scibert_scivocab_uncased,0.6217958927154541,0.6579225659370422,-0.036126673221588135,1964
Smid_2020,https://openalex.org/W1880117134,0,0.0013534787147100656,0.0013534787147100656,allenai/scibert_scivocab_uncased,0.7040912508964539,0.7011379599571228,0.0029532909393310547,1301
Smid_2020,https://openalex.org/W2002164054,0,0.0013535801377396936,0.0013535801377396936,allenai/scibert_scivocab_uncased,0.6528369784355164,0.6544972062110901,-0.0016602277755737305,1020
Smid_2020,https://openalex.org/W1973443859,0,0.0013534787147100656,0.0013534787147100656,allenai/scibert_scivocab_uncased,0.6585993766784668,0.6754619479179382,-0.016862571239471436,1466
Smid_2020,https://openalex.org/W2101826094,0,0.03302223078638233,0.03302223078638233,allenai/scibert_scivocab_uncased,0.6772879362106323,0.6870813369750977,-0.009793400764465332,1618
Smid_2020,https://openalex.org/W2016377072,0,0.0013535057601107886,0.0013535057601107886,allenai/scibert_scivocab_uncased,0.6197839975357056,0.6520153284072876,-0.03223133087158203,1064
Smid_2020,https://openalex.org/W2034712399,0,0.0013534787147100656,0.0013534787147100656,allenai/scibert_scivocab_uncased,0.6550186276435852,0.6583704352378845,-0.0033518075942993164,2378
Smid_2020,https://openalex.org/W2314370049,0,0.001353526044514753,0.001353526044514753,allenai/scibert_scivocab_uncased,0.6523458361625671,0.6856417655944824,-0.03329592943191528,940
Smid_2020,https://openalex.org/W2019605848,0,0.0013534787147100656,0.0013534787147100656,allenai/scibert_scivocab_uncased,0.6978643536567688,0.6958378553390503,0.002026498317718506,1074
Muthu_2021,https://openalex.org/W2314625554,1,0.01099973745025532,0.01099973745025532,allenai/scibert_scivocab_uncased,0.8428177833557129,0.703240692615509,0.13957709074020386,2175
Muthu_2021,https://openalex.org/W1971967018,1,0.011030627993492921,0.011030627993492921,allenai/scibert_scivocab_uncased,0.7791760563850403,0.6190173625946045,0.1601586937904358,1221
Muthu_2021,https://openalex.org/W2569136341,1,0.011024001369941862,0.011024001369941862,allenai/scibert_scivocab_uncased,0.7718135714530945,0.6585798263549805,0.11323374509811401,395
Muthu_2021,https://openalex.org/W2011922368,1,0.01102952328294614,0.01102952328294614,allenai/scibert_scivocab_uncased,0.8244590759277344,0.7130717635154724,0.11138731241226196,1837
Muthu_2021,https://openalex.org/W2326387656,1,0.01102952328294614,0.01102952328294614,allenai/scibert_scivocab_uncased,0.838199257850647,0.6820966005325317,0.15610265731811523,1861
Muthu_2021,https://openalex.org/W2982681481,1,0.01102952328294614,0.01102952328294614,allenai/scibert_scivocab_uncased,0.8430151343345642,0.684728741645813,0.15828639268875122,2310
Muthu_2021,https://openalex.org/W2057373596,1,0.011027314189764922,0.011027314189764922,allenai/scibert_scivocab_uncased,0.8220961093902588,0.6873217821121216,0.1347743272781372,2426
Muthu_2021,https://openalex.org/W1943622456,1,0.011030627993492921,0.011030627993492921,allenai/scibert_scivocab_uncased,0.8155232071876526,0.6320754885673523,0.1834477186203003,1823
Muthu_2021,https://openalex.org/W2035935211,1,0.01103021371422995,0.01103021371422995,allenai/scibert_scivocab_uncased,0.8404063582420349,0.6936894655227661,0.1467168927192688,2256
Muthu_2021,https://openalex.org/W2327406862,1,0.01103021371422995,0.01103021371422995,allenai/scibert_scivocab_uncased,0.8217040300369263,0.6514291763305664,0.17027485370635986,2281
Muthu_2021,https://openalex.org/W1989096197,0,0.011030766089995892,0.011030766089995892,allenai/scibert_scivocab_uncased,0.8022354245185852,0.6632843017578125,0.1389511227607727,1955
Muthu_2021,https://openalex.org/W2083897660,0,0.011030766089995892,0.011030766089995892,allenai/scibert_scivocab_uncased,0.7640042304992676,0.6434236168861389,0.12058061361312866,1700
Muthu_2021,https://openalex.org/W2162691489,0,0.011030766089995892,0.011030766089995892,allenai/scibert_scivocab_uncased,0.8031662106513977,0.6466745734214783,0.15649163722991943,1713
Muthu_2021,https://openalex.org/W2299328516,0,0.011027314189764922,0.011027314189764922,allenai/scibert_scivocab_uncased,0.8249378204345703,0.6643613576889038,0.1605764627456665,3624
Muthu_2021,https://openalex.org/W1979961426,0,0.011030766089995892,0.011030766089995892,allenai/scibert_scivocab_uncased,0.8396724462509155,0.693343460559845,0.14632898569107056,1932
Muthu_2021,https://openalex.org/W2034473400,0,0.011030766089995892,0.011030766089995892,allenai/scibert_scivocab_uncased,0.7910550236701965,0.6669179201126099,0.12413710355758667,2158
Muthu_2021,https://openalex.org/W1992077449,0,0.01102952328294614,0.01102952328294614,allenai/scibert_scivocab_uncased,0.8378952145576477,0.70834881067276,0.1295464038848877,2169
Muthu_2021,https://openalex.org/W2048534628,0,0.011028556750877789,0.011028556750877789,allenai/scibert_scivocab_uncased,0.796282172203064,0.652199923992157,0.14408224821090698,1188
Muthu_2021,https://openalex.org/W2168733054,0,0.011021931357325734,0.011021931357325734,allenai/scibert_scivocab_uncased,0.8285133838653564,0.6745671033859253,0.15394628047943115,1240
Muthu_2021,https://openalex.org/W1991103143,0,0.011030766089995892,0.011030766089995892,allenai/scibert_scivocab_uncased,0.8047387599945068,0.6553575396537781,0.14938122034072876,1251
Appenzeller-Herzog_2019,https://openalex.org/W1534330089,1,0.011226392519145943,0.011226392519145943,allenai/scibert_scivocab_uncased,0.7296158075332642,0.7181661128997803,0.011449694633483887,1642
Appenzeller-Herzog_2019,https://openalex.org/W2141060691,1,0.011226462129407814,0.011226462129407814,allenai/scibert_scivocab_uncased,0.6909121870994568,0.7136234045028687,-0.022711217403411865,2059
Appenzeller-Herzog_2019,https://openalex.org/W122745426,1,0.0009340159665856807,0.0009340159665856807,allenai/scibert_scivocab_uncased,0.6729280352592468,0.6935265064239502,-0.02059847116470337,906
Appenzeller-Herzog_2019,https://openalex.org/W2161382529,1,0.011226462129407814,0.011226462129407814,allenai/scibert_scivocab_uncased,0.7006681561470032,0.7095763683319092,-0.008908212184906006,1169
Appenzeller-Herzog_2019,https://openalex.org/W2906450930,1,0.011226392519145943,0.011226392519145943,allenai/scibert_scivocab_uncased,0.692773699760437,0.7124549746513367,-0.019681274890899658,2230
Appenzeller-Herzog_2019,https://openalex.org/W1563368366,1,0.012306440918273572,0.012306440918273572,allenai/scibert_scivocab_uncased,0.7031682133674622,0.7027131915092468,0.00045502185821533203,1695
Appenzeller-Herzog_2019,https://openalex.org/W2015443313,1,0.011226895269454504,0.011226895269454504,allenai/scibert_scivocab_uncased,0.7060987949371338,0.721602737903595,-0.015503942966461182,1587
Appenzeller-Herzog_2019,https://openalex.org/W2415851885,1,0.011226299706123108,0.011226299706123108,allenai/scibert_scivocab_uncased,0.6139746904373169,0.6418318152427673,-0.02785712480545044,111
Appenzeller-Herzog_2019,https://openalex.org/W2026996728,1,0.01122720466525379,0.01122720466525379,allenai/scibert_scivocab_uncased,0.6876951456069946,0.7168012857437134,-0.02910614013671875,1848
Appenzeller-Herzog_2019,https://openalex.org/W1525689595,1,0.011226299706123108,0.011226299706123108,allenai/scibert_scivocab_uncased,0.7226960062980652,0.7199063301086426,0.0027896761894226074,1779
Appenzeller-Herzog_2019,https://openalex.org/W1988934234,0,0.011227042231414755,0.011227042231414755,allenai/scibert_scivocab_uncased,0.7064652442932129,0.7242762446403503,-0.01781100034713745,1859
Appenzeller-Herzog_2019,https://openalex.org/W2471191767,0,0.011226299706123108,0.011226299706123108,allenai/scibert_scivocab_uncased,0.6447134613990784,0.6872948408126831,-0.042581379413604736,561
Appenzeller-Herzog_2019,https://openalex.org/W1966598746,0,0.011226392519145943,0.011226392519145943,allenai/scibert_scivocab_uncased,0.6977436542510986,0.7186552882194519,-0.02091163396835327,1344
Appenzeller-Herzog_2019,https://openalex.org/W2403776002,0,0.011226268768616375,0.011226268768616375,allenai/scibert_scivocab_uncased,0.6556178331375122,0.7220094799995422,-0.06639164686203003,844
Appenzeller-Herzog_2019,https://openalex.org/W2398046618,0,0.011226338378124331,0.011226338378124331,allenai/scibert_scivocab_uncased,0.6637016534805298,0.6988707780838013,-0.035169124603271484,501
Appenzeller-Herzog_2019,https://openalex.org/W2783985141,0,0.011226268768616375,0.011226268768616375,allenai/scibert_scivocab_uncased,0.6746366024017334,0.7249757647514343,-0.05033916234970093,1354
Appenzeller-Herzog_2019,https://openalex.org/W2049681146,0,0.011226268768616375,0.011226268768616375,allenai/scibert_scivocab_uncased,0.6935690641403198,0.7334853410720825,-0.039916276931762695,1873
Appenzeller-Herzog_2019,https://openalex.org/W2140078554,0,0.01122720466525379,0.01122720466525379,allenai/scibert_scivocab_uncased,0.6748957633972168,0.7144322991371155,-0.03953653573989868,2240
Appenzeller-Herzog_2019,https://openalex.org/W2101940067,0,0.011226338378124331,0.011226338378124331,allenai/scibert_scivocab_uncased,0.6580311059951782,0.6894563436508179,-0.03142523765563965,979
Appenzeller-Herzog_2019,https://openalex.org/W253822838,0,0.011226299706123108,0.011226299706123108,allenai/scibert_scivocab_uncased,0.6649250388145447,0.7161949276924133,-0.05126988887786865,1341
Wolters_2018,https://openalex.org/W2084970815,1,0.005036240000618107,0.005036240000618107,allenai/scibert_scivocab_uncased,0.6935995221138,0.7320552468299866,-0.03845572471618652,1637
Wolters_2018,https://openalex.org/W2137736331,1,0.005033599194317003,0.005033599194317003,allenai/scibert_scivocab_uncased,0.6479693651199341,0.7294509410858154,-0.08148157596588135,1677
Wolters_2018,https://openalex.org/W180957169,1,0.005033599194317003,0.005033599194317003,allenai/scibert_scivocab_uncased,0.6532091498374939,0.7268474102020264,-0.07363826036453247,1470
Wolters_2018,https://openalex.org/W2051064550,1,0.005033423188977715,0.005033423188977715,allenai/scibert_scivocab_uncased,0.65451979637146,0.7412879467010498,-0.08676815032958984,1697
Wolters_2018,https://openalex.org/W2074874117,1,0.005035007454888666,0.005035007454888666,allenai/scibert_scivocab_uncased,0.6876654624938965,0.7577754259109497,-0.07010996341705322,2007
Wolters_2018,https://openalex.org/W2167487379,1,0.005033599194317003,0.005033599194317003,allenai/scibert_scivocab_uncased,0.6498943567276001,0.7174821496009827,-0.06758779287338257,1617
Wolters_2018,https://openalex.org/W2201563543,1,0.005037825138055477,0.005037825138055477,allenai/scibert_scivocab_uncased,0.613852322101593,0.7435139417648315,-0.12966161966323853,1426
Wolters_2018,https://openalex.org/W842083477,1,0.005036240000618107,0.005036240000618107,allenai/scibert_scivocab_uncased,0.6585848331451416,0.7460570931434631,-0.08747225999832153,1386
Wolters_2018,https://openalex.org/W2098151967,1,0.005035007454888666,0.005035007454888666,allenai/scibert_scivocab_uncased,0.7011548280715942,0.7496839165687561,-0.048529088497161865,3100
Wolters_2018,https://openalex.org/W2017257387,1,0.005034127246643691,0.005034127246643691,allenai/scibert_scivocab_uncased,0.6727145314216614,0.7403632402420044,-0.06764870882034302,1468
Wolters_2018,https://openalex.org/W2128601008,0,0.005034127246643691,0.005034127246643691,allenai/scibert_scivocab_uncased,0.645541250705719,0.7137066721916199,-0.06816542148590088,2228
Wolters_2018,https://openalex.org/W2023282868,0,0.005039763194112267,0.005039763194112267,allenai/scibert_scivocab_uncased,0.45028024911880493,0.5220625400543213,-0.07178229093551636,52
Wolters_2018,https://openalex.org/W4237660272,0,0.005034127246643691,0.005034127246643691,allenai/scibert_scivocab_uncased,0.30132341384887695,0.46189242601394653,-0.16056901216506958,33
Wolters_2018,https://openalex.org/W2589535334,0,0.005035007454888666,0.005035007454888666,allenai/scibert_scivocab_uncased,0.6184525489807129,0.6972806453704834,-0.07882809638977051,1821
Wolters_2018,https://openalex.org/W2417587966,0,0.005033599194317003,0.005033599194317003,allenai/scibert_scivocab_uncased,0.5005422234535217,0.5681389570236206,-0.06759673357009888,57
Wolters_2018,https://openalex.org/W1489728454,0,0.005033423188977715,0.005033423188977715,allenai/scibert_scivocab_uncased,0.5692704916000366,0.6907219290733337,-0.12145143747329712,646
Wolters_2018,https://openalex.org/W2808944563,0,0.005033423188977715,0.005033423188977715,allenai/scibert_scivocab_uncased,0.5581963658332825,0.6800625920295715,-0.12186622619628906,1686
Wolters_2018,https://openalex.org/W85910960,0,0.005034127246643691,0.005034127246643691,allenai/scibert_scivocab_uncased,0.6200352311134338,0.7196595072746277,-0.09962427616119385,1833
Wolters_2018,https://openalex.org/W2037583987,0,0.005033423188977715,0.005033423188977715,allenai/scibert_scivocab_uncased,0.6034924983978271,0.713208019733429,-0.1097155213356018,2016
Wolters_2018,https://openalex.org/W1976726807,0,0.005033423188977715,0.005033423188977715,allenai/scibert_scivocab_uncased,0.6007087230682373,0.680018424987793,-0.07930970191955566,963
van_de_Schoot_2018,https://openalex.org/W1848156165,1,0.010547410268283505,0.010547410268283505,allenai/scibert_scivocab_uncased,0.6537325978279114,0.6520044207572937,0.0017281770706176758,1016
van_de_Schoot_2018,https://openalex.org/W1448877352,1,0.010547410268283505,0.010547410268283505,allenai/scibert_scivocab_uncased,0.6813392043113708,0.6675307750701904,0.01380842924118042,1165
van_de_Schoot_2018,https://openalex.org/W2032412255,1,0.01054733388054287,0.01054733388054287,allenai/scibert_scivocab_uncased,0.5564560890197754,0.5418795347213745,0.014576554298400879,123
van_de_Schoot_2018,https://openalex.org/W2070289918,1,0.010547389898166015,0.010547389898166015,allenai/scibert_scivocab_uncased,0.6875321269035339,0.6742910146713257,0.013241112232208252,1905
van_de_Schoot_2018,https://openalex.org/W2100044325,1,0.010547415360818942,0.010547415360818942,allenai/scibert_scivocab_uncased,0.6798864603042603,0.6592883467674255,0.020598113536834717,929
van_de_Schoot_2018,https://openalex.org/W1991849973,1,0.010547410268283505,0.010547410268283505,allenai/scibert_scivocab_uncased,0.6757762432098389,0.6510207653045654,0.024755477905273438,1586
van_de_Schoot_2018,https://openalex.org/W2056927632,1,0.01054737462060334,0.01054737462060334,allenai/scibert_scivocab_uncased,0.676716685295105,0.6751997470855713,0.0015169382095336914,1138
van_de_Schoot_2018,https://openalex.org/W2056933155,1,0.010547410268283505,0.010547410268283505,allenai/scibert_scivocab_uncased,0.6833357810974121,0.6724079847335815,0.010927796363830566,1283
van_de_Schoot_2018,https://openalex.org/W2075344639,1,0.010547415360818942,0.010547415360818942,allenai/scibert_scivocab_uncased,0.6860692501068115,0.6702585816383362,0.015810668468475342,1820
van_de_Schoot_2018,https://openalex.org/W1834163696,1,0.010547415360818942,0.010547415360818942,allenai/scibert_scivocab_uncased,0.6877557039260864,0.6880056262016296,-0.0002499222755432129,1589
van_de_Schoot_2018,https://openalex.org/W244483461,0,0.010547417058331279,0.010547417058331279,allenai/scibert_scivocab_uncased,0.6249678730964661,0.6479849219322205,-0.023017048835754395,941
van_de_Schoot_2018,https://openalex.org/W2395220514,0,0.010547410268283505,0.010547410268283505,allenai/scibert_scivocab_uncased,0.6403035521507263,0.6594513058662415,-0.019147753715515137,1974
van_de_Schoot_2018,https://openalex.org/W2270365872,0,0.010547410268283505,0.010547410268283505,allenai/scibert_scivocab_uncased,0.6373608708381653,0.6438127756118774,-0.006451904773712158,1364
van_de_Schoot_2018,https://openalex.org/W2013130170,0,0.010547415360818942,0.010547415360818942,allenai/scibert_scivocab_uncased,0.6472106575965881,0.6497951149940491,-0.0025844573974609375,1222
van_de_Schoot_2018,https://openalex.org/W2314458273,0,0.010547410268283505,0.010547410268283505,allenai/scibert_scivocab_uncased,0.6431887149810791,0.6669769883155823,-0.023788273334503174,1025
van_de_Schoot_2018,https://openalex.org/W2017613199,0,0.010547410268283505,0.010547410268283505,allenai/scibert_scivocab_uncased,0.648409366607666,0.6284410357475281,0.01996833086013794,865
van_de_Schoot_2018,https://openalex.org/W2042355083,0,0.010547410268283505,0.010547410268283505,allenai/scibert_scivocab_uncased,0.6525735855102539,0.6745678782463074,-0.021994292736053467,2003
van_de_Schoot_2018,https://openalex.org/W2004381330,0,0.010547410268283505,0.010547410268283505,allenai/scibert_scivocab_uncased,0.6588873267173767,0.6408220529556274,0.018065273761749268,1884
van_de_Schoot_2018,https://openalex.org/W1899071932,0,0.010547410268283505,0.010547410268283505,allenai/scibert_scivocab_uncased,0.6249775886535645,0.6502466797828674,-0.02526909112930298,1105
van_de_Schoot_2018,https://openalex.org/W2121846834,0,0.010547417058331279,0.010547417058331279,allenai/scibert_scivocab_uncased,0.6624545454978943,0.6777346730232239,-0.01528012752532959,1429
Bos_2018,https://openalex.org/W2161291700,1,0.00998446842293333,0.00998446842293333,allenai/scibert_scivocab_uncased,0.7527236938476562,0.7383105158805847,0.014413177967071533,1939
Bos_2018,https://openalex.org/W2583393583,1,0.005012349968183714,0.005012349968183714,allenai/scibert_scivocab_uncased,0.7445002794265747,0.7151916027069092,0.029308676719665527,1751
Bos_2018,https://openalex.org/W2299650482,0,0.0015374388802028007,0.0015374388802028007,allenai/scibert_scivocab_uncased,0.7685304880142212,0.7498266100883484,0.018703877925872803,1710
Bos_2018,https://openalex.org/W2052696434,0,0.00501235714891404,0.00501235714891404,allenai/scibert_scivocab_uncased,0.7270969152450562,0.7325170040130615,-0.005420088768005371,913
Bos_2018,https://openalex.org/W2563548524,0,0.005012328426053571,0.005012328426053571,allenai/scibert_scivocab_uncased,0.7310006618499756,0.7417895793914795,-0.010788917541503906,2040
Bos_2018,https://openalex.org/W1992251283,0,0.00501235714891404,0.00501235714891404,allenai/scibert_scivocab_uncased,0.7298105955123901,0.7378393411636353,-0.008028745651245117,1042
Bos_2018,https://openalex.org/W2100803328,0,0.005012242258445772,0.005012242258445772,allenai/scibert_scivocab_uncased,0.7806673049926758,0.7409905195236206,0.039676785469055176,1150
Bos_2018,https://openalex.org/W2027188977,0,0.005012328426053571,0.005012328426053571,allenai/scibert_scivocab_uncased,0.7547560334205627,0.7535191774368286,0.0012368559837341309,2739
Bos_2018,https://openalex.org/W2543734537,0,0.00501235714891404,0.00501235714891404,allenai/scibert_scivocab_uncased,0.767921507358551,0.7099877595901489,0.0579337477684021,1862
Bos_2018,https://openalex.org/W2142185053,0,0.00501235714891404,0.00501235714891404,allenai/scibert_scivocab_uncased,0.7237517833709717,0.7124664783477783,0.01128530502319336,2194
Bos_2018,https://openalex.org/W2092098886,0,0.005012349968183714,0.005012349968183714,allenai/scibert_scivocab_uncased,0.6936770677566528,0.6688944101333618,0.024782657623291016,1338
Bos_2018,https://openalex.org/W1992798117,0,0.005012098649011521,0.005012098649011521,allenai/scibert_scivocab_uncased,0.7628225088119507,0.7322242856025696,0.030598223209381104,1141
Moran_2021,https://openalex.org/W2903635703,1,0.010442973557145926,0.010442973557145926,allenai/scibert_scivocab_uncased,0.6287854909896851,0.7622361183166504,-0.13345062732696533,1932
Moran_2021,https://openalex.org/W2900100701,1,0.010449017455377293,0.010449017455377293,allenai/scibert_scivocab_uncased,0.6588564515113831,0.7918921113014221,-0.13303565979003906,2380
Moran_2021,https://openalex.org/W2891532175,1,0.010442973557145926,0.010442973557145926,allenai/scibert_scivocab_uncased,0.6263991594314575,0.7420544028282166,-0.11565524339675903,2047
Moran_2021,https://openalex.org/W2901638986,1,0.010442973557145926,0.010442973557145926,allenai/scibert_scivocab_uncased,0.615602970123291,0.7483900189399719,-0.1327870488166809,2280
Moran_2021,https://openalex.org/W2068717875,1,0.010443466807138802,0.010443466807138802,allenai/scibert_scivocab_uncased,0.6378204822540283,0.7697582244873047,-0.13193774223327637,1543
Moran_2021,https://openalex.org/W2904183492,1,0.010442973557145926,0.010442973557145926,allenai/scibert_scivocab_uncased,0.5877940654754639,0.6900050044059753,-0.10221093893051147,1124
Moran_2021,https://openalex.org/W2321290437,1,0.010443466807138802,0.010443466807138802,allenai/scibert_scivocab_uncased,0.651154100894928,0.7718543410301208,-0.12070024013519287,2246
Moran_2021,https://openalex.org/W4214847068,1,0.010442973557145926,0.010442973557145926,allenai/scibert_scivocab_uncased,0.6361578106880188,0.7545309662818909,-0.11837315559387207,1698
Moran_2021,https://openalex.org/W2907845546,1,0.010442973557145926,0.010442973557145926,allenai/scibert_scivocab_uncased,0.6394685506820679,0.7545213103294373,-0.11505275964736938,3034
Moran_2021,https://openalex.org/W2808836151,1,0.010442973557145926,0.010442973557145926,allenai/scibert_scivocab_uncased,0.6215720772743225,0.7796366214752197,-0.15806454420089722,1659
Moran_2021,https://openalex.org/W2475091282,0,0.01044741363562598,0.01044741363562598,allenai/scibert_scivocab_uncased,0.6481550931930542,0.7637476921081543,-0.1155925989151001,1806
Moran_2021,https://openalex.org/W2122778052,0,0.010442973557145926,0.010442973557145926,allenai/scibert_scivocab_uncased,0.6257367134094238,0.7499940991401672,-0.12425738573074341,1653
Moran_2021,https://openalex.org/W2030307471,0,0.010442973557145926,0.010442973557145926,allenai/scibert_scivocab_uncased,0.6155841946601868,0.7286424040794373,-0.11305820941925049,1137
Moran_2021,https://openalex.org/W2059097231,0,0.010443096867486228,0.010443096867486228,allenai/scibert_scivocab_uncased,0.639378547668457,0.7748761773109436,-0.13549762964248657,1903
Moran_2021,https://openalex.org/W2119422035,0,0.010442973557145926,0.010442973557145926,allenai/scibert_scivocab_uncased,0.6304614543914795,0.752142071723938,-0.1216806173324585,2619
Moran_2021,https://openalex.org/W2911796851,0,0.010443096867486228,0.010443096867486228,allenai/scibert_scivocab_uncased,0.6195996999740601,0.7618984580039978,-0.14229875802993774,1578
Moran_2021,https://openalex.org/W2099917172,0,0.010442973557145926,0.010442973557145926,allenai/scibert_scivocab_uncased,0.648443341255188,0.755902111530304,-0.10745877027511597,2361
Moran_2021,https://openalex.org/W3082553423,0,0.010442973557145926,0.010442973557145926,allenai/scibert_scivocab_uncased,0.6014474630355835,0.7005208730697632,-0.09907341003417969,1099
Moran_2021,https://openalex.org/W2087426641,0,0.010443466807138802,0.010443466807138802,allenai/scibert_scivocab_uncased,0.5684022307395935,0.6982970237731934,-0.12989479303359985,456
Moran_2021,https://openalex.org/W1985491724,0,0.010443466807138802,0.010443466807138802,allenai/scibert_scivocab_uncased,0.6260344982147217,0.7796469330787659,-0.1536124348640442,3227
Leenaars_2019,https://openalex.org/W2088367343,1,0.014046796628833591,0.014046796628833591,allenai/scibert_scivocab_uncased,0.7470215559005737,0.7539777159690857,-0.006956160068511963,1990
Leenaars_2019,https://openalex.org/W2042513904,1,0.014046796628833591,0.014046796628833591,allenai/scibert_scivocab_uncased,0.7247242331504822,0.7372366786003113,-0.012512445449829102,1842
Leenaars_2019,https://openalex.org/W2071576115,1,0.014046796628833591,0.014046796628833591,allenai/scibert_scivocab_uncased,0.7138000726699829,0.7151507139205933,-0.0013506412506103516,870
Leenaars_2019,https://openalex.org/W2288655185,1,0.014046796628833591,0.014046796628833591,allenai/scibert_scivocab_uncased,0.7051747441291809,0.7257737517356873,-0.020599007606506348,1781
Leenaars_2019,https://openalex.org/W2062883133,1,0.0015374388802028007,0.0015374388802028007,allenai/scibert_scivocab_uncased,0.7225540280342102,0.7301697134971619,-0.00761568546295166,1619
Leenaars_2019,https://openalex.org/W2022726353,1,0.014047118394000408,0.014047118394000408,allenai/scibert_scivocab_uncased,0.748267650604248,0.7343572974205017,0.013910353183746338,1724
Leenaars_2019,https://openalex.org/W1975946002,1,0.014046796628833591,0.014046796628833591,allenai/scibert_scivocab_uncased,0.7484703063964844,0.7518487572669983,-0.003378450870513916,1708
Leenaars_2019,https://openalex.org/W2055656488,1,0.014046796628833591,0.014046796628833591,allenai/scibert_scivocab_uncased,0.7473868131637573,0.7451089024543762,0.0022779107093811035,1750
Leenaars_2019,https://openalex.org/W2024775541,1,0.014046796628833591,0.014046796628833591,allenai/scibert_scivocab_uncased,0.743179202079773,0.7425704002380371,0.0006088018417358398,923
Leenaars_2019,https://openalex.org/W2064915622,1,0.014046796628833591,0.014046796628833591,allenai/scibert_scivocab_uncased,0.7019557952880859,0.7090858817100525,-0.007130086421966553,795
Leenaars_2019,https://openalex.org/W2086286943,0,0.01404678322210887,0.01404678322210887,allenai/scibert_scivocab_uncased,0.6652933955192566,0.7350355982780457,-0.06974220275878906,1275
Leenaars_2019,https://openalex.org/W2043806993,0,0.01404678322210887,0.01404678322210887,allenai/scibert_scivocab_uncased,0.6567276120185852,0.703605055809021,-0.04687744379043579,1787
Leenaars_2019,https://openalex.org/W2120534405,0,0.01404678322210887,0.01404678322210887,allenai/scibert_scivocab_uncased,0.6593672037124634,0.722876250743866,-0.06350904703140259,1653
Leenaars_2019,https://openalex.org/W2009090011,0,0.01404678322210887,0.01404678322210887,allenai/scibert_scivocab_uncased,0.6616670489311218,0.7119109630584717,-0.050243914127349854,2248
Leenaars_2019,https://openalex.org/W2063981466,0,0.01404678322210887,0.01404678322210887,allenai/scibert_scivocab_uncased,0.697035014629364,0.7281934022903442,-0.031158387660980225,2118
Leenaars_2019,https://openalex.org/W2007893260,0,0.01404678322210887,0.01404678322210887,allenai/scibert_scivocab_uncased,0.6634835004806519,0.7164745330810547,-0.05299103260040283,1945
Leenaars_2019,https://openalex.org/W1497774408,0,0.01404678322210887,0.01404678322210887,allenai/scibert_scivocab_uncased,0.6711820363998413,0.6746753454208374,-0.0034933090209960938,1090
Leenaars_2019,https://openalex.org/W1966449636,0,0.014046796628833591,0.014046796628833591,allenai/scibert_scivocab_uncased,0.6627605557441711,0.7019976377487183,-0.03923708200454712,1433
Leenaars_2019,https://openalex.org/W1969014857,0,0.01404678322210887,0.01404678322210887,allenai/scibert_scivocab_uncased,0.6854732036590576,0.71839439868927,-0.0329211950302124,871
Leenaars_2019,https://openalex.org/W2049364239,0,0.014046796628833591,0.014046796628833591,allenai/scibert_scivocab_uncased,0.6489462852478027,0.6932468414306641,-0.04430055618286133,1005
Radjenovic_2013,https://openalex.org/W2123637002,0,0.03267019686428598,0.03267019686428598,allenai/scibert_scivocab_uncased,0.6274492144584656,0.6333628296852112,-0.0059136152267456055,857
Radjenovic_2013,https://openalex.org/W2153791729,0,0.005587013697941538,0.005587013697941538,allenai/scibert_scivocab_uncased,0.6500250101089478,0.6625643968582153,-0.012539386749267578,1410
Radjenovic_2013,https://openalex.org/W1666623754,0,0.005589075175067811,0.005589075175067811,allenai/scibert_scivocab_uncased,0.6201309561729431,0.6387665867805481,-0.01863563060760498,1565
Radjenovic_2013,https://openalex.org/W1885979141,0,0.005589075175067811,0.005589075175067811,allenai/scibert_scivocab_uncased,0.6169098019599915,0.6290939450263977,-0.01218414306640625,805
Radjenovic_2013,https://openalex.org/W3142415280,0,0.0055841288775954874,0.0055841288775954874,allenai/scibert_scivocab_uncased,0.6356291770935059,0.652796745300293,-0.01716756820678711,779
Radjenovic_2013,https://openalex.org/W2172147981,0,0.005590312417843213,0.005590312417843213,allenai/scibert_scivocab_uncased,0.6383377313613892,0.6567917466163635,-0.018454015254974365,1207
Radjenovic_2013,https://openalex.org/W2135693987,0,0.005588147418453964,0.005588147418453964,allenai/scibert_scivocab_uncased,0.6134678721427917,0.6306105852127075,-0.01714271306991577,898
Radjenovic_2013,https://openalex.org/W1879505596,0,0.005587013697941538,0.005587013697941538,allenai/scibert_scivocab_uncased,0.6463745832443237,0.6484717130661011,-0.0020971298217773438,915
Radjenovic_2013,https://openalex.org/W2118004463,0,0.005585674136058171,0.005585674136058171,allenai/scibert_scivocab_uncased,0.5584232211112976,0.5920931100845337,-0.033669888973236084,1854
Radjenovic_2013,https://openalex.org/W2119061206,0,0.005590312417843213,0.005590312417843213,allenai/scibert_scivocab_uncased,0.6338890790939331,0.6363717317581177,-0.0024826526641845703,1064
Leenaars_2020,https://openalex.org/W2091732273,1,0.02021104705107551,0.02021104705107551,allenai/scibert_scivocab_uncased,0.8392179012298584,0.7085171937942505,0.1307007074356079,1924
Leenaars_2020,https://openalex.org/W2032140498,1,0.020210828633553585,0.020210828633553585,allenai/scibert_scivocab_uncased,0.8297618627548218,0.6967782378196716,0.13298362493515015,2090
Leenaars_2020,https://openalex.org/W2177530838,1,0.02021099244647946,0.02021099244647946,allenai/scibert_scivocab_uncased,0.8419923186302185,0.7276395559310913,0.1143527626991272,1894
Leenaars_2020,https://openalex.org/W2136474272,1,0.02021096173145732,0.02021096173145732,allenai/scibert_scivocab_uncased,0.7557480335235596,0.6341928839683533,0.1215551495552063,1235
Leenaars_2020,https://openalex.org/W2109925847,1,0.02021104705107551,0.02021104705107551,allenai/scibert_scivocab_uncased,0.8105874061584473,0.700537919998169,0.11004948616027832,2086
Leenaars_2020,https://openalex.org/W4214920099,1,0.020210879824953978,0.020210879824953978,allenai/scibert_scivocab_uncased,0.7766091823577881,0.6313228607177734,0.14528632164001465,1989
Leenaars_2020,https://openalex.org/W2107355697,1,0.02021096173145732,0.02021096173145732,allenai/scibert_scivocab_uncased,0.8213399052619934,0.7062874436378479,0.11505246162414551,1482
Leenaars_2020,https://openalex.org/W2115144341,1,0.02021104705107551,0.02021104705107551,allenai/scibert_scivocab_uncased,0.8269721269607544,0.7210562825202942,0.1059158444404602,1876
Leenaars_2020,https://openalex.org/W2138609584,1,0.02021096173145732,0.02021096173145732,allenai/scibert_scivocab_uncased,0.806210458278656,0.7087021470069885,0.09750831127166748,1996
Leenaars_2020,https://openalex.org/W2170983988,1,0.02021096173145732,0.02021096173145732,allenai/scibert_scivocab_uncased,0.7355301380157471,0.6332312226295471,0.10229891538619995,1613
Leenaars_2020,https://openalex.org/W2110523622,0,0.02021104363828406,0.02021104363828406,allenai/scibert_scivocab_uncased,0.7775462865829468,0.682669997215271,0.09487628936767578,1374
Leenaars_2020,https://openalex.org/W2042732463,0,0.02021101633597256,0.02021101633597256,allenai/scibert_scivocab_uncased,0.8320838809013367,0.6777704954147339,0.15431338548660278,2182
Leenaars_2020,https://openalex.org/W2024610927,0,0.020211033399913016,0.020211033399913016,allenai/scibert_scivocab_uncased,0.8269208073616028,0.7018442749977112,0.1250765323638916,1850
Leenaars_2020,https://openalex.org/W2083395794,0,0.02021099244647946,0.02021099244647946,allenai/scibert_scivocab_uncased,0.7485450506210327,0.6167974472045898,0.13174760341644287,1080
Leenaars_2020,https://openalex.org/W50807861,0,0.02021104705107551,0.02021104705107551,allenai/scibert_scivocab_uncased,0.7983216047286987,0.6720624566078186,0.12625914812088013,1703
Leenaars_2020,https://openalex.org/W2164349469,0,0.02021104705107551,0.02021104705107551,allenai/scibert_scivocab_uncased,0.7708525657653809,0.6595905423164368,0.11126202344894409,1010
Leenaars_2020,https://openalex.org/W2118228748,0,0.02021104705107551,0.02021104705107551,allenai/scibert_scivocab_uncased,0.7309740781784058,0.6155271530151367,0.11544692516326904,1807
Leenaars_2020,https://openalex.org/W2046411916,0,0.02021104705107551,0.02021104705107551,allenai/scibert_scivocab_uncased,0.7980760931968689,0.6923004984855652,0.10577559471130371,1852
Leenaars_2020,https://openalex.org/W4300175777,0,0.02021104705107551,0.02021104705107551,allenai/scibert_scivocab_uncased,0.795271635055542,0.6729057431221008,0.12236589193344116,959
Leenaars_2020,https://openalex.org/W2077102864,0,0.02021104363828406,0.02021104363828406,allenai/scibert_scivocab_uncased,0.7969961762428284,0.6946096420288086,0.10238653421401978,1857
Wassenaar_2017,https://openalex.org/W2117870346,1,0.010471793258871463,0.010471793258871463,allenai/scibert_scivocab_uncased,0.711852490901947,0.6957969069480896,0.016055583953857422,1631
Wassenaar_2017,https://openalex.org/W1991299939,1,0.010471410992394495,0.010471410992394495,allenai/scibert_scivocab_uncased,0.709368109703064,0.7097628116607666,-0.0003947019577026367,1440
Wassenaar_2017,https://openalex.org/W2071235992,1,0.010471283573300131,0.010471283573300131,allenai/scibert_scivocab_uncased,0.7268532514572144,0.7019384503364563,0.024914801120758057,1495
Wassenaar_2017,https://openalex.org/W2144160434,1,0.010471291536948639,0.010471291536948639,allenai/scibert_scivocab_uncased,0.7141114473342896,0.6892340183258057,0.024877429008483887,1577
Wassenaar_2017,https://openalex.org/W2123254875,1,0.010471283573300131,0.010471283573300131,allenai/scibert_scivocab_uncased,0.7097551226615906,0.7122650146484375,-0.002509891986846924,2023
Wassenaar_2017,https://openalex.org/W2071480044,1,0.010471283573300131,0.010471283573300131,allenai/scibert_scivocab_uncased,0.7282924056053162,0.6874639987945557,0.0408284068107605,1735
Wassenaar_2017,https://openalex.org/W2125823486,1,0.010471793258871463,0.010471793258871463,allenai/scibert_scivocab_uncased,0.583918571472168,0.5719250440597534,0.01199352741241455,217
Wassenaar_2017,https://openalex.org/W2095513235,1,0.010471291536948639,0.010471291536948639,allenai/scibert_scivocab_uncased,0.7282187342643738,0.7166196703910828,0.011599063873291016,1693
Wassenaar_2017,https://openalex.org/W2018365592,1,0.010471283573300131,0.010471283573300131,allenai/scibert_scivocab_uncased,0.7382568120956421,0.71701979637146,0.02123701572418213,1712
Wassenaar_2017,https://openalex.org/W2076212136,1,0.010471315427930067,0.010471315427930067,allenai/scibert_scivocab_uncased,0.5753068327903748,0.49782121181488037,0.07748562097549438,48
Wassenaar_2017,https://openalex.org/W2155646364,0,0.010471283573300131,0.010471283573300131,allenai/scibert_scivocab_uncased,0.7075713872909546,0.6845764517784119,0.022994935512542725,1276
Wassenaar_2017,https://openalex.org/W2078935942,0,0.010471283573300131,0.010471283573300131,allenai/scibert_scivocab_uncased,0.7154486179351807,0.6488844156265259,0.06656420230865479,1636
Wassenaar_2017,https://openalex.org/W2004875818,0,0.010471283573300131,0.010471283573300131,allenai/scibert_scivocab_uncased,0.6767590641975403,0.618763267993927,0.05799579620361328,2253
Wassenaar_2017,https://openalex.org/W2063517792,0,0.010471283573300131,0.010471283573300131,allenai/scibert_scivocab_uncased,0.7383714914321899,0.7158040404319763,0.022567451000213623,2202
Wassenaar_2017,https://openalex.org/W1995903208,0,0.010471283573300131,0.010471283573300131,allenai/scibert_scivocab_uncased,0.7404261231422424,0.716463029384613,0.023963093757629395,1490
Wassenaar_2017,https://openalex.org/W2124046488,0,0.010471283573300131,0.010471283573300131,allenai/scibert_scivocab_uncased,0.7242714166641235,0.7163252234458923,0.007946193218231201,1945
Wassenaar_2017,https://openalex.org/W1965410558,0,0.01047157026841729,0.01047157026841729,allenai/scibert_scivocab_uncased,0.7412933111190796,0.7017626762390137,0.03953063488006592,1181
Wassenaar_2017,https://openalex.org/W166866,0,0.010471283573300131,0.010471283573300131,allenai/scibert_scivocab_uncased,0.6455467939376831,0.5904644131660461,0.05508238077163696,1624
Wassenaar_2017,https://openalex.org/W2001187483,0,0.010471283573300131,0.010471283573300131,allenai/scibert_scivocab_uncased,0.6952921748161316,0.6357297897338867,0.05956238508224487,1441
Wassenaar_2017,https://openalex.org/W2137711105,0,0.010471283573300131,0.010471283573300131,allenai/scibert_scivocab_uncased,0.7289257645606995,0.7141991257667542,0.014726638793945312,1779
Hall_2012,https://openalex.org/W2141051748,1,0.005252068672758861,0.005252068672758861,allenai/scibert_scivocab_uncased,0.6521410346031189,0.7214454412460327,-0.06930440664291382,1604
Hall_2012,https://openalex.org/W2160274766,1,0.005252110517548309,0.005252110517548309,allenai/scibert_scivocab_uncased,0.599047839641571,0.7104427814483643,-0.11139494180679321,797
Hall_2012,https://openalex.org/W2123675623,1,0.005251943140372188,0.005251943140372188,allenai/scibert_scivocab_uncased,0.633520781993866,0.6968780755996704,-0.06335729360580444,1485
Hall_2012,https://openalex.org/W4248521920,1,0.005252110517548309,0.005252110517548309,allenai/scibert_scivocab_uncased,0.6244304180145264,0.7268278002738953,-0.1023973822593689,1341
Hall_2012,https://openalex.org/W1995029977,1,0.005251943140372188,0.005251943140372188,allenai/scibert_scivocab_uncased,0.632063090801239,0.7231775522232056,-0.09111446142196655,940
Hall_2012,https://openalex.org/W2158561928,1,0.005251943140372188,0.005251943140372188,allenai/scibert_scivocab_uncased,0.5889385342597961,0.6921072006225586,-0.10316866636276245,860
Hall_2012,https://openalex.org/W4243127898,1,0.00525144104054976,0.00525144104054976,allenai/scibert_scivocab_uncased,0.618950605392456,0.6960416436195374,-0.0770910382270813,1058
Hall_2012,https://openalex.org/W1990993371,0,0.005252068672758861,0.005252068672758861,allenai/scibert_scivocab_uncased,0.6071955561637878,0.6977332830429077,-0.09053772687911987,1143
Hall_2012,https://openalex.org/W3144730141,0,0.005252110517548309,0.005252110517548309,allenai/scibert_scivocab_uncased,0.6067876815795898,0.7121509909629822,-0.10536330938339233,395
Hall_2012,https://openalex.org/W2127351714,0,0.00525144104054976,0.00525144104054976,allenai/scibert_scivocab_uncased,0.6319844722747803,0.6980977654457092,-0.06611329317092896,1565
Hall_2012,https://openalex.org/W2139141676,0,0.005250604313195542,0.005250604313195542,allenai/scibert_scivocab_uncased,0.6368747353553772,0.7186395525932312,-0.081764817237854,826
Hall_2012,https://openalex.org/W2071716457,0,0.005252110517548309,0.005252110517548309,allenai/scibert_scivocab_uncased,0.5330069661140442,0.6453101634979248,-0.11230319738388062,651
Hall_2012,https://openalex.org/W2124068357,0,0.005251943140372188,0.005251943140372188,allenai/scibert_scivocab_uncased,0.5974836945533752,0.700356662273407,-0.10287296772003174,1099
Hall_2012,https://openalex.org/W2034377901,0,0.00525144104054976,0.00525144104054976,allenai/scibert_scivocab_uncased,0.6318970918655396,0.7053749561309814,-0.0734778642654419,936
Hall_2012,https://openalex.org/W2146129337,0,0.005252110517548309,0.005252110517548309,allenai/scibert_scivocab_uncased,0.6222144365310669,0.7025646567344666,-0.08035022020339966,964
Hall_2012,https://openalex.org/W2129995429,0,0.005250060511253271,0.005250060511253271,allenai/scibert_scivocab_uncased,0.6058195233345032,0.6956157088279724,-0.08979618549346924,1046
Hall_2012,https://openalex.org/W2096094750,0,0.005252110517548309,0.005252110517548309,allenai/scibert_scivocab_uncased,0.5758866667747498,0.6531575322151184,-0.07727086544036865,1396
van_Dis_2020,https://openalex.org/W2101457117,1,0.0015374388802028007,0.0015374388802028007,allenai/scibert_scivocab_uncased,0.7730410099029541,0.7882370352745056,-0.015196025371551514,2457
van_Dis_2020,https://openalex.org/W2019610877,1,0.01658729481040427,0.01658729481040427,allenai/scibert_scivocab_uncased,0.7055513262748718,0.7236772179603577,-0.01812589168548584,1100
van_Dis_2020,https://openalex.org/W2469001318,1,0.016589456582112996,0.016589456582112996,allenai/scibert_scivocab_uncased,0.7192368507385254,0.7503909468650818,-0.031154096126556396,1414
van_Dis_2020,https://openalex.org/W2109042404,1,0.016589606715430496,0.016589606715430496,allenai/scibert_scivocab_uncased,0.7430714964866638,0.7509625554084778,-0.007891058921813965,1728
van_Dis_2020,https://openalex.org/W2053295259,1,0.01658897616446904,0.01658897616446904,allenai/scibert_scivocab_uncased,0.7464039325714111,0.7560486793518066,-0.009644746780395508,874
van_Dis_2020,https://openalex.org/W2031774431,1,0.01658972682304574,0.01658972682304574,allenai/scibert_scivocab_uncased,0.7649322152137756,0.7640889883041382,0.0008432269096374512,1932
van_Dis_2020,https://openalex.org/W2047881541,1,0.016589606715430496,0.016589606715430496,allenai/scibert_scivocab_uncased,0.7342425584793091,0.748210608959198,-0.013968050479888916,1185
van_Dis_2020,https://openalex.org/W2490084511,1,0.01658972682304574,0.01658972682304574,allenai/scibert_scivocab_uncased,0.7296357750892639,0.7501407265663147,-0.02050495147705078,1700
van_Dis_2020,https://openalex.org/W2049085090,1,0.016587805203749043,0.016587805203749043,allenai/scibert_scivocab_uncased,0.7352354526519775,0.7366301417350769,-0.0013946890830993652,854
van_Dis_2020,https://openalex.org/W2054983745,1,0.0015374388802028007,0.0015374388802028007,allenai/scibert_scivocab_uncased,0.7138313055038452,0.7236365675926208,-0.009805262088775635,2194
van_Dis_2020,https://openalex.org/W2064118523,0,0.01658972682304574,0.01658972682304574,allenai/scibert_scivocab_uncased,0.6581940650939941,0.6501134634017944,0.008080601692199707,1313
van_Dis_2020,https://openalex.org/W2111591633,0,0.016586724389059167,0.016586724389059167,allenai/scibert_scivocab_uncased,0.7174071073532104,0.7299712896347046,-0.01256418228149414,1272
van_Dis_2020,https://openalex.org/W1968620173,0,0.016589606715430496,0.016589606715430496,allenai/scibert_scivocab_uncased,0.7723454236984253,0.7783706784248352,-0.006025254726409912,2301
van_Dis_2020,https://openalex.org/W2115679691,0,0.01658972682304574,0.01658972682304574,allenai/scibert_scivocab_uncased,0.6679764986038208,0.6921624541282654,-0.02418595552444458,1660
van_Dis_2020,https://openalex.org/W2727710758,0,0.01658864588527026,0.01658864588527026,allenai/scibert_scivocab_uncased,0.7101469039916992,0.7465605139732361,-0.036413609981536865,1554
van_Dis_2020,https://openalex.org/W2766573664,0,0.01658972682304574,0.01658972682304574,allenai/scibert_scivocab_uncased,0.6725718379020691,0.6955258846282959,-0.022954046726226807,1791
van_Dis_2020,https://openalex.org/W1600349987,0,0.01658972682304574,0.01658972682304574,allenai/scibert_scivocab_uncased,0.605182409286499,0.6599888801574707,-0.05480647087097168,1875
van_Dis_2020,https://openalex.org/W1968373192,0,0.01658972682304574,0.01658972682304574,allenai/scibert_scivocab_uncased,0.5913963913917542,0.6465905904769897,-0.055194199085235596,2524
van_Dis_2020,https://openalex.org/W2087481488,0,0.01658972682304574,0.01658972682304574,allenai/scibert_scivocab_uncased,0.6506178975105286,0.682935893535614,-0.03231799602508545,1097
van_Dis_2020,https://openalex.org/W2089149909,0,0.01658897616446904,0.01658897616446904,allenai/scibert_scivocab_uncased,0.7319772839546204,0.767486572265625,-0.03550928831100464,1908
Brouwer_2019,https://openalex.org/W2167935782,1,0.014458684945109039,0.014458684945109039,allenai/scibert_scivocab_uncased,0.7855390906333923,0.6975387334823608,0.0880003571510315,2416
Brouwer_2019,https://openalex.org/W2000699750,1,0.014458663333748385,0.014458663333748385,allenai/scibert_scivocab_uncased,0.7674648761749268,0.70350182056427,0.06396305561065674,1735
Brouwer_2019,https://openalex.org/W4237764986,1,0.014460413953160023,0.014460413953160023,allenai/scibert_scivocab_uncased,0.7937944531440735,0.6854691505432129,0.1083253026008606,1209
Brouwer_2019,https://openalex.org/W2151196397,1,0.014458684945109039,0.014458684945109039,allenai/scibert_scivocab_uncased,0.7485578060150146,0.6735526919364929,0.07500511407852173,1809
Brouwer_2019,https://openalex.org/W2084069051,1,0.014460824621363081,0.014460824621363081,allenai/scibert_scivocab_uncased,0.7575346231460571,0.6929802894592285,0.06455433368682861,1040
Brouwer_2019,https://openalex.org/W4297734513,1,0.014458857837096594,0.014458857837096594,allenai/scibert_scivocab_uncased,0.8063010573387146,0.7031552791595459,0.1031457781791687,1349
Brouwer_2019,https://openalex.org/W1982903495,1,0.014460413953160023,0.014460413953160023,allenai/scibert_scivocab_uncased,0.8043839931488037,0.7052930593490601,0.09909093379974365,1021
Brouwer_2019,https://openalex.org/W2128173991,1,0.014458749779374721,0.014458749779374721,allenai/scibert_scivocab_uncased,0.7562727332115173,0.6816026568412781,0.07467007637023926,1718
Brouwer_2019,https://openalex.org/W2163131290,1,0.014459722326427563,0.014459722326427563,allenai/scibert_scivocab_uncased,0.7820310592651367,0.7034862637519836,0.07854479551315308,1916
Brouwer_2019,https://openalex.org/W1981083307,1,0.014458684945109039,0.014458684945109039,allenai/scibert_scivocab_uncased,0.779452383518219,0.6980581283569336,0.0813942551612854,1139
Brouwer_2019,https://openalex.org/W1673957087,0,0.014458663333748385,0.014458663333748385,allenai/scibert_scivocab_uncased,0.7448707222938538,0.6984595656394958,0.04641115665435791,1883
Brouwer_2019,https://openalex.org/W2511234708,0,0.014458684945109039,0.014458684945109039,allenai/scibert_scivocab_uncased,0.7667335867881775,0.7027797698974609,0.06395381689071655,1569
Brouwer_2019,https://openalex.org/W2010864134,0,0.014458663333748385,0.014458663333748385,allenai/scibert_scivocab_uncased,0.737907350063324,0.6659595370292664,0.07194781303405762,2526
Brouwer_2019,https://openalex.org/W3155573292,0,0.014458663333748385,0.014458663333748385,allenai/scibert_scivocab_uncased,0.71979820728302,0.6909502148628235,0.028847992420196533,6146
Brouwer_2019,https://openalex.org/W1968818592,0,0.014458663333748385,0.014458663333748385,allenai/scibert_scivocab_uncased,0.716120183467865,0.663256824016571,0.052863359451293945,1725
Brouwer_2019,https://openalex.org/W2053647279,0,0.014458663333748385,0.014458663333748385,allenai/scibert_scivocab_uncased,0.670886754989624,0.6279310584068298,0.04295569658279419,494
Brouwer_2019,https://openalex.org/W2009843397,0,0.014458663333748385,0.014458663333748385,allenai/scibert_scivocab_uncased,0.728265106678009,0.6625038981437683,0.06576120853424072,1251
Brouwer_2019,https://openalex.org/W2016222915,0,0.014458857837096594,0.014458857837096594,allenai/scibert_scivocab_uncased,0.741050660610199,0.6712066531181335,0.06984400749206543,1342
Brouwer_2019,https://openalex.org/W2127129956,0,0.014458663333748385,0.014458663333748385,allenai/scibert_scivocab_uncased,0.6866166591644287,0.638194739818573,0.04842191934585571,2456
Brouwer_2019,https://openalex.org/W2108236117,0,0.014458663333748385,0.014458663333748385,allenai/scibert_scivocab_uncased,0.7370708584785461,0.6759068965911865,0.06116396188735962,1071
Walker_2018,https://openalex.org/W2123430482,1,0.007533315163773078,0.007533315163773078,allenai/scibert_scivocab_uncased,0.6380248069763184,0.6813231110572815,-0.043298304080963135,679
Walker_2018,https://openalex.org/W2087384250,1,0.007533606047353514,0.007533606047353514,allenai/scibert_scivocab_uncased,0.5357730984687805,0.527380645275116,0.00839245319366455,35
Walker_2018,https://openalex.org/W2403774278,1,0.007535642544219033,0.007535642544219033,allenai/scibert_scivocab_uncased,0.5738847255706787,0.6136519908905029,-0.03976726531982422,90
Walker_2018,https://openalex.org/W2054576583,1,0.0075321517408103965,0.0075321517408103965,allenai/scibert_scivocab_uncased,0.7295888662338257,0.7322440147399902,-0.0026551485061645508,1754
Walker_2018,https://openalex.org/W1995287213,1,0.0075372430316881555,0.0075372430316881555,allenai/scibert_scivocab_uncased,0.6925514936447144,0.7081101536750793,-0.01555866003036499,1275
Walker_2018,https://openalex.org/W1982810583,1,0.0075321517408103965,0.0075321517408103965,allenai/scibert_scivocab_uncased,0.7253873944282532,0.7238659262657166,0.001521468162536621,1439
Walker_2018,https://openalex.org/W2093725065,1,0.007556621037257353,0.007556621037257353,allenai/scibert_scivocab_uncased,0.7014249563217163,0.7301902770996094,-0.028765320777893066,1149
Walker_2018,https://openalex.org/W2287700774,1,0.007534333305023912,0.007534333305023912,allenai/scibert_scivocab_uncased,0.6144961714744568,0.6471933722496033,-0.032697200775146484,406
Walker_2018,https://openalex.org/W2405529737,1,0.007549621792743057,0.007549621792743057,allenai/scibert_scivocab_uncased,0.6261855959892273,0.6798655986785889,-0.05368000268936157,685
Walker_2018,https://openalex.org/W2098034074,1,0.007541318519779488,0.007541318519779488,allenai/scibert_scivocab_uncased,0.6620974540710449,0.6760339140892029,-0.013936460018157959,1813
Walker_2018,https://openalex.org/W2206707581,0,0.0075321517408103965,0.0075321517408103965,allenai/scibert_scivocab_uncased,0.6922000050544739,0.6878005862236023,0.004399418830871582,1288
Walker_2018,https://openalex.org/W1974126397,0,0.007533315163773078,0.007533315163773078,allenai/scibert_scivocab_uncased,0.6584870219230652,0.6813196539878845,-0.022832632064819336,2427
Walker_2018,https://openalex.org/W1992443415,0,0.0075320063254680145,0.0075320063254680145,allenai/scibert_scivocab_uncased,0.6566759943962097,0.6997354030609131,-0.04305940866470337,2341
Walker_2018,https://openalex.org/W2120955415,0,0.0075321517408103965,0.0075321517408103965,allenai/scibert_scivocab_uncased,0.6725046038627625,0.7114676237106323,-0.03896301984786987,2530
Walker_2018,https://openalex.org/W2379337023,0,0.007541318519779488,0.007541318519779488,allenai/scibert_scivocab_uncased,0.6740546226501465,0.7077025175094604,-0.033647894859313965,1499
Walker_2018,https://openalex.org/W147442911,0,0.007533315163773078,0.007533315163773078,allenai/scibert_scivocab_uncased,0.695473849773407,0.7221189141273499,-0.02664506435394287,967
Walker_2018,https://openalex.org/W2410582597,0,0.0075320063254680145,0.0075320063254680145,allenai/scibert_scivocab_uncased,0.6919845938682556,0.7318978905677795,-0.039913296699523926,1967
Walker_2018,https://openalex.org/W2415459800,0,0.0075321517408103965,0.0075321517408103965,allenai/scibert_scivocab_uncased,0.6758601069450378,0.6795223355293274,-0.0036622285842895508,1907
Walker_2018,https://openalex.org/W2109957280,0,0.007532588003541521,0.007532588003541521,allenai/scibert_scivocab_uncased,0.6686590313911438,0.6934077739715576,-0.02474874258041382,1535
Walker_2018,https://openalex.org/W2075346857,0,0.0075320063254680145,0.0075320063254680145,allenai/scibert_scivocab_uncased,0.6931939125061035,0.728269636631012,-0.03507572412490845,1405
