dataset,config,n_records,n_valid,sensitivity,specificity,fn,fp,decision_auto_rate,tier_auto_rate,human_review_rate,auto_include_rate,auto_exclude_rate,ranking_wss95_ecs,ranking_wss95_p_include,ranking_wss95_final_score,status,issues
CLEF_CD000996,a1,281,281,1.0,0.96,0,11,0.9679715302491103,0.99644128113879,0.03202846975088968,0.028469750889679714,0.9395017793594306,0.9037366548042705,,0.9286476868327401,ok,
CLEF_CD000996,a11_rule_exclude,281,281,1.0,0.26181818181818184,0,203,0.2846975088967972,0.2846975088967972,0.7153024911032029,0.028469750889679714,0.25622775800711745,0.8752669039145907,0.9250889679715302,0.9250889679715302,ok,
CLEF_CD000996,a13b_coverage_rule,281,281,1.0,0.33454545454545453,0,183,0.35587188612099646,0.35587188612099646,0.6441281138790036,0.028469750889679714,0.3274021352313167,0.8752669039145907,0.9250889679715302,0.9250889679715302,ok,
CLEF_CD000996,a14c_difficulty_floor_100,281,281,1.0,0.33454545454545453,0,183,0.35587188612099646,0.35587188612099646,0.6441281138790036,0.028469750889679714,0.3274021352313167,0.8752669039145907,0.9250889679715302,0.9250889679715302,ok,
CLEF_CD000996,a9,281,281,1.0,0.2872727272727273,0,196,0.3096085409252669,0.3096085409252669,0.6903914590747331,0.028469750889679714,0.28113879003558717,0.8752669039145907,0.9250889679715302,0.9250889679715302,ok,
CLEF_CD001261,a1,571,571,0.9545454545454546,0.8123861566484517,1,103,0.8493870402802102,0.9824868651488616,0.15061295971978983,0.06654991243432574,0.7828371278458844,0.7415936952714536,,0.8344133099824869,ok,
CLEF_CD001261,a11_rule_exclude,571,571,1.0,0.012750455373406194,0,542,0.09281961471103327,0.09281961471103327,0.9071803852889667,0.08056042031523643,0.012259194395796848,0.6820490367775831,0.09185639229422063,0.09185639229422063,ok,
CLEF_CD001261,a13b_coverage_rule,571,571,1.0,0.012750455373406194,0,542,0.09281961471103327,0.09281961471103327,0.9071803852889667,0.08056042031523643,0.012259194395796848,0.6820490367775831,0.09185639229422063,0.09185639229422063,ok,
CLEF_CD001261,a14c_difficulty_floor_100,571,571,1.0,0.012750455373406194,0,542,0.09281961471103327,0.09281961471103327,0.9071803852889667,0.08056042031523643,0.012259194395796848,0.6820490367775831,0.09185639229422063,0.09185639229422063,ok,
CLEF_CD001261,a9,571,571,0.9545454545454546,0.01092896174863388,1,543,0.9702276707530648,0.9702276707530648,0.0297723292469352,0.957968476357268,0.012259194395796848,0.7521015761821366,0.8309106830122591,0.8309106830122591,ok,
CLEF_CD004414,a1,336,336,1.0,0.9088145896656535,0,30,0.9553571428571429,0.9910714285714286,0.044642857142857144,0.06547619047619048,0.8898809523809523,0.8458333333333333,,0.8398809523809523,ok,
CLEF_CD004414,a11_rule_exclude,336,336,1.0,0.5623100303951368,0,144,0.6130952380952381,0.6130952380952381,0.3869047619047619,0.0625,0.5505952380952381,0.7595238095238095,0.17619047619047615,0.17619047619047615,ok,
CLEF_CD004414,a13b_coverage_rule,336,336,1.0,0.601823708206687,0,131,0.6517857142857143,0.6517857142857143,0.3482142857142857,0.0625,0.5892857142857143,0.7595238095238095,0.17321428571428568,0.17321428571428568,ok,
CLEF_CD004414,a14c_difficulty_floor_100,336,336,1.0,0.601823708206687,0,131,0.6517857142857143,0.6517857142857143,0.3482142857142857,0.0625,0.5892857142857143,0.7595238095238095,0.17321428571428568,0.17321428571428568,ok,
CLEF_CD004414,a9,336,336,0.8571428571428571,0.17933130699088146,1,270,0.25297619047619047,0.25297619047619047,0.7470238095238095,0.0744047619047619,0.17857142857142858,0.7595238095238095,0.6434523809523809,0.6434523809523809,ok,
CLEF_CD006468,a1,3874,3874,1.0,0.9326773692387365,0,260,0.9346928239545689,0.9899328859060402,0.06530717604543108,0.00490449148167269,0.9297883324728963,0.882627774909654,,0.9414816726897264,ok,
CLEF_CD006468,a11_rule_exclude,3874,3874,1.0,0.021491455204557225,0,3779,0.032266391326794014,0.032266391326794014,0.967733608673206,0.010841507485802787,0.021424883840991223,,,-0.04612803304078476,ok,
CLEF_CD006468,a13b_coverage_rule,3874,3874,1.0,0.024857586742620404,0,3766,0.036654620547238,0.036654620547238,0.963345379452762,0.011874032008260196,0.0247805885389778,,,-0.04328859060402689,ok,
CLEF_CD006468,a14c_difficulty_floor_100,3874,3874,1.0,0.024857586742620404,0,3766,0.036654620547238,0.036654620547238,0.963345379452762,0.011874032008260196,0.0247805885389778,,,-0.04328859060402689,ok,
CLEF_CD006468,a9,3874,3874,0.8333333333333334,0.3588814085965821,2,2476,0.37687145069695405,0.37687145069695405,0.623128549303046,0.01858544140423335,0.3582860092927207,,,0.44096541042849763,ok,
CLEF_CD007867,a1,943,943,1.0,0.9197002141327623,0,75,0.9331919406150583,0.9883351007423118,0.06680805938494168,0.022269353128313893,0.9109225874867445,0.8725874867444326,,0.9213679745493106,ok,
CLEF_CD007867,a11_rule_exclude,943,943,1.0,0.0728051391862955,0,866,0.11452810180275716,0.11452810180275716,0.8854718981972428,0.042417815482502653,0.07211028632025451,,,0.9001590668080593,ok,
CLEF_CD007867,a13b_coverage_rule,943,943,1.0,0.11563169164882227,0,826,0.15588547189819724,0.15588547189819724,0.8441145281018028,0.041357370095440084,0.11452810180275716,,,0.8916755037115588,ok,
CLEF_CD007867,a14c_difficulty_floor_100,943,943,1.0,0.11563169164882227,0,826,0.15588547189819724,0.15588547189819724,0.8441145281018028,0.041357370095440084,0.11452810180275716,,,0.8916755037115588,ok,
CLEF_CD007867,a9,943,943,0.8888888888888888,0.3683083511777302,1,590,0.39236479321314954,0.39236479321314954,0.6076352067868505,0.026511134676564158,0.36585365853658536,,,-0.04787910922587491,ok,
CLEF_CD009069,a1,1757,1757,0.8,0.8470319634703196,1,268,0.9100739897552647,0.974957313602732,0.08992601024473534,0.06488332384746727,0.8451906659077973,0.7297381900967558,,0.8338929994308479,ok,
CLEF_CD009069,a11_rule_exclude,1757,1757,1.0,0.0821917808219178,0,1608,0.18554354012521343,0.18554354012521343,0.8144564598747865,0.10358565737051793,0.08195788275469551,,,0.7951906659077973,ok,
CLEF_CD009069,a13b_coverage_rule,1757,1757,1.0,0.030251141552511414,0,1699,0.12350597609561753,0.12350597609561753,0.8764940239043825,0.093340922026181,0.03016505406943654,,,-0.03577120091064319,ok,
CLEF_CD009069,a14c_difficulty_floor_100,1757,1757,1.0,0.030251141552511414,0,1699,0.12350597609561753,0.12350597609561753,0.8764940239043825,0.093340922026181,0.03016505406943654,,,-0.03577120091064319,ok,
CLEF_CD009069,a9,1757,1757,0.8,0.3281963470319635,1,1177,0.4456459874786568,0.44450768355150827,0.5543540125213432,0.11781445645987479,0.32783153101878204,,,0.7877916903813318,ok,
CLEF_CD009642,a1,1922,1922,0.96,0.9748931623931624,2,47,0.9760665972944849,0.9932362122788762,0.023933402705515087,0.025494276795005204,0.9505723204994797,0.9088969823100936,,0.9021331945889698,ok,
CLEF_CD009642,a11_rule_exclude,1922,1922,1.0,0.01014957264957265,0,1853,0.04162330905306972,0.04162330905306972,0.9583766909469302,0.03173777315296566,0.009885535900104058,,,0.00306971904266385,ok,
CLEF_CD009642,a13b_coverage_rule,1922,1922,1.0,0.01014957264957265,0,1853,0.04162330905306972,0.04162330905306972,0.9583766909469302,0.03173777315296566,0.009885535900104058,,,0.00306971904266385,ok,
CLEF_CD009642,a14c_difficulty_floor_100,1922,1922,1.0,0.01014957264957265,0,1853,0.04162330905306972,0.04162330905306972,0.9583766909469302,0.03173777315296566,0.009885535900104058,,,0.00306971904266385,ok,
CLEF_CD009642,a9,1922,1922,0.86,0.39636752136752135,7,1130,0.4183142559833507,0.4183142559833507,0.5816857440166493,0.02861602497398543,0.38969823100936524,,,0.17840790842872004,ok,
CLEF_CD010038,a1,8867,8867,1.0,0.9881463084217657,0,105,0.9900755610691327,0.9979700011277771,0.00992443893086726,0.0029322205932107814,0.987143340475922,0.9337600090222171,,0.9382711176271569,ok,
CLEF_CD010038,a11_rule_exclude,8867,8867,1.0,0.4233461277940844,0,5108,0.4270892071726627,0.4270892071726627,0.5729107928273374,0.004172775459569189,0.4229164317130935,,,0.15987932784481781,ok,
CLEF_CD010038,a13b_coverage_rule,8867,8867,1.0,0.46635809437796344,0,4727,0.4701702943498365,0.4701702943498365,0.5298297056501635,0.0042855531746926806,0.4658847411751438,,,0.1563832186759896,ok,
CLEF_CD010038,a14c_difficulty_floor_100,8867,8867,1.0,0.46635809437796344,0,4727,0.4701702943498365,0.4701702943498365,0.5298297056501635,0.0042855531746926806,0.4658847411751438,,,0.1563832186759896,ok,
CLEF_CD010038,a9,8867,8867,0.8888888888888888,0.18356288101151502,1,7232,0.1877748956806135,0.1877748956806135,0.8122251043193864,0.0042855531746926806,0.18348934250592083,,,0.9368050073305514,ok,
CLEF_CD010239,a1,224,224,1.0,0.9766355140186916,0,5,0.9553571428571429,0.9821428571428571,0.044642857142857144,0.022321428571428572,0.9330357142857143,0.8919642857142857,,0.8607142857142857,ok,
CLEF_CD010239,a11_rule_exclude,224,224,1.0,0.004672897196261682,0,213,0.06696428571428571,0.06696428571428571,0.9330357142857143,0.0625,0.004464285714285714,0.682142857142857,0.06160714285714282,0.06160714285714282,ok,
CLEF_CD010239,a13b_coverage_rule,224,224,1.0,0.004672897196261682,0,213,0.06696428571428571,0.06696428571428571,0.9330357142857143,0.0625,0.004464285714285714,0.682142857142857,0.06160714285714282,0.06160714285714282,ok,
CLEF_CD010239,a14c_difficulty_floor_100,224,224,1.0,0.004672897196261682,0,213,0.06696428571428571,0.06696428571428571,0.9330357142857143,0.0625,0.004464285714285714,0.682142857142857,0.06160714285714282,0.06160714285714282,ok,
CLEF_CD010239,a9,224,224,0.7,0.056074766355140186,3,202,0.7455357142857143,0.7455357142857143,0.2544642857142857,0.6785714285714286,0.06696428571428571,0.8339285714285714,0.025892857142857093,0.025892857142857093,ok,
CLEF_CD010558,a1,2815,2815,1.0,0.9301247771836008,0,196,0.9381882770870338,0.9825932504440498,0.06181172291296625,0.011367673179396092,0.9268206039076377,0.8430728241563055,,0.8846358792184724,ok,
CLEF_CD010558,a11_rule_exclude,2815,2815,1.0,0.2966131907308378,0,1973,0.32930728241563056,0.32930728241563056,0.6706927175843694,0.03374777975133215,0.2955595026642984,0.8547957371225576,0.9070159857904084,0.9070159857904084,ok,
CLEF_CD010558,a13b_coverage_rule,2815,2815,1.0,0.3358288770053476,0,1863,0.3488454706927176,0.3488454706927176,0.6511545293072825,0.014209591474245116,0.3346358792184725,0.8178507992895204,0.09671403197158077,0.09671403197158077,ok,
CLEF_CD010558,a14c_difficulty_floor_100,2815,2815,1.0,0.3358288770053476,0,1863,0.3488454706927176,0.3488454706927176,0.6511545293072825,0.014209591474245116,0.3346358792184725,0.8178507992895204,0.09671403197158077,0.09671403197158077,ok,
CLEF_CD010558,a9,2815,2815,1.0,0.46131907308377895,0,1511,0.5037300177619893,0.5037300177619893,0.49626998223801067,0.04404973357015986,0.4596802841918295,0.9269094138543517,0.9066607460035524,0.9066607460035524,ok,
CLEF_CD010753,a1,2539,2539,0.95,0.9158396188963874,1,212,0.9208349743993698,0.9858211894446632,0.07916502560063017,0.011815675462780622,0.9090192989365892,0.8523237495076802,,0.8511421819614021,ok,
CLEF_CD010753,a11_rule_exclude,2539,2539,1.0,0.004366812227074236,0,2508,0.09058684521465143,0.09058684521465143,0.9094131547853486,0.08625443087829854,0.004332414336352895,,,0.11108704214257578,ok,
CLEF_CD010753,a13b_coverage_rule,2539,2539,1.0,0.0031758634378721714,0,2511,0.03505317053958251,0.03505317053958251,0.9649468294604174,0.03190232374950768,0.0031508467900748325,,,0.6093146908231587,ok,
CLEF_CD010753,a14c_difficulty_floor_100,2539,2539,1.0,0.0031758634378721714,0,2511,0.03505317053958251,0.03505317053958251,0.9649468294604174,0.03190232374950768,0.0031508467900748325,,,0.6093146908231587,ok,
CLEF_CD010753,a9,2539,2539,0.55,0.4553394204049226,9,1372,0.47144545096494683,0.47144545096494683,0.5285545490350532,0.016148089799133517,0.4552973611658133,,,-0.03542733359590394,ok,
CLEF_CD011140,a1,289,289,,0.9826989619377162,0,5,0.986159169550173,0.9965397923875432,0.01384083044982699,0.0034602076124567475,0.9826989619377162,,,,ok,
CLEF_CD011140,a11_rule_exclude,289,289,,0.71280276816609,0,83,0.726643598615917,0.726643598615917,0.27335640138408307,0.01384083044982699,0.71280276816609,,,,ok,
CLEF_CD011140,a13b_coverage_rule,289,289,,0.740484429065744,0,75,0.7508650519031141,0.7508650519031141,0.2491349480968858,0.010380622837370242,0.740484429065744,,,,ok,
CLEF_CD011140,a14c_difficulty_floor_100,289,289,,0.740484429065744,0,75,0.7508650519031141,0.7508650519031141,0.2491349480968858,0.010380622837370242,0.740484429065744,,,,ok,
CLEF_CD011140,a9,289,289,,0.11418685121107267,0,256,0.1245674740484429,0.1245674740484429,0.8754325259515571,0.010380622837370242,0.11418685121107267,,,,ok,
CLEF_CD011571,a1,146,146,0.8333333333333334,0.9357142857142857,1,9,0.9383561643835616,0.9863013698630136,0.06164383561643835,0.03424657534246575,0.9041095890410958,0.8198630136986301,,0.8541095890410958,ok,
CLEF_CD011571,a11_rule_exclude,146,146,1.0,0.22142857142857142,0,109,0.2465753424657534,0.2465753424657534,0.7534246575342466,0.03424657534246575,0.21232876712328766,0.31986301369863007,0.05958904109589036,0.05958904109589036,ok,
CLEF_CD011571,a13b_coverage_rule,146,146,1.0,0.22142857142857142,0,109,0.2465753424657534,0.2465753424657534,0.7534246575342466,0.03424657534246575,0.21232876712328766,0.31986301369863007,0.05958904109589036,0.05958904109589036,ok,
CLEF_CD011571,a14c_difficulty_floor_100,146,146,1.0,0.22142857142857142,0,109,0.2465753424657534,0.2465753424657534,0.7534246575342466,0.03424657534246575,0.21232876712328766,0.31986301369863007,0.05958904109589036,0.05958904109589036,ok,
CLEF_CD011571,a9,146,146,0.8333333333333334,0.2857142857142857,1,100,0.6232876712328768,0.6232876712328768,0.3767123287671233,0.3424657534246575,0.2808219178082192,0.7171232876712328,0.004794520547945158,0.004794520547945158,ok,
CLEF_CD011768,a1,9160,9160,0.92,0.9715380405035577,2,260,0.9771834061135372,0.9945414847161572,0.022816593886462882,0.008078602620087336,0.9691048034934497,0.8606986899563318,,0.8909388646288209,ok,
CLEF_CD011768,a11_rule_exclude,9160,9160,1.0,0.5497536945812808,0,4113,0.5579694323144104,0.5579694323144104,0.4420305676855895,0.009716157205240175,0.5482532751091703,,,0.1754366812227074,ok,
CLEF_CD011768,a13b_coverage_rule,9160,9160,1.0,0.09928845101258894,0,8228,0.10731441048034934,0.10731441048034934,0.8926855895196506,0.008296943231441048,0.0990174672489083,,,0.11703056768558948,ok,
CLEF_CD011768,a14c_difficulty_floor_100,9160,9160,1.0,0.09928845101258894,0,8228,0.10731441048034934,0.10731441048034934,0.8926855895196506,0.008296943231441048,0.0990174672489083,,,0.11703056768558948,ok,
CLEF_CD011768,a9,9160,9160,0.84,0.22955665024630542,4,7038,0.24148471615720524,0.24148471615720524,0.7585152838427948,0.012117903930131005,0.22936681222707422,,,-0.024672489082969477,ok,
CLEF_CD011977,a1,195,195,0.6486486486486487,0.8734177215189873,13,20,0.8666666666666667,0.9641025641025641,0.13333333333333333,0.09230769230769231,0.7743589743589744,0.3602564102564102,,0.39615384615384613,ok,
CLEF_CD011977,a11_rule_exclude,195,195,0.972972972972973,0.0379746835443038,1,152,0.29743589743589743,0.29743589743589743,0.7025641025641025,0.26153846153846155,0.035897435897435895,,,-0.02948717948717953,ok,
CLEF_CD011977,a13b_coverage_rule,195,195,0.972972972972973,0.04430379746835443,1,151,0.29743589743589743,0.29743589743589743,0.7025641025641025,0.2564102564102564,0.041025641025641026,,,-0.024358974358974404,ok,
CLEF_CD011977,a14c_difficulty_floor_100,195,195,0.972972972972973,0.04430379746835443,1,151,0.29743589743589743,0.29743589743589743,0.7025641025641025,0.2564102564102564,0.041025641025641026,,,-0.024358974358974404,ok,
CLEF_CD011977,a9,195,195,0.8648648648648649,0.13291139240506328,5,137,0.9179487179487179,0.9179487179487179,0.08205128205128205,0.7846153846153846,0.13333333333333333,,,-0.024358974358974404,ok,
CLEF_CD012069,a1,3479,3479,0.2693877551020408,0.8738404452690167,179,408,0.8787007760850819,0.97441793618856,0.12129922391491808,0.014946823799942513,0.8637539522851394,0.2750934176487496,,0.24692440356424256,ok,
CLEF_CD012069,a11_rule_exclude,3479,3479,1.0,0.047619047619047616,0,3080,0.07387180224202357,0.07387180224202357,0.9261281977579764,0.02960620868065536,0.04426559356136821,,,0.2092699051451566,ok,
CLEF_CD012069,a13b_coverage_rule,3479,3479,1.0,0.04916512059369202,0,3075,0.11871227364185111,0.11871227364185111,0.8812877263581489,0.07300948548433459,0.04570278815751653,,,0.1443087093992526,ok,
CLEF_CD012069,a14c_difficulty_floor_100,3479,3479,1.0,0.04916512059369202,0,3075,0.11871227364185111,0.11871227364185111,0.8812877263581489,0.07300948548433459,0.04570278815751653,,,0.1443087093992526,ok,
CLEF_CD012069,a9,3479,3479,0.9795918367346939,0.017006802721088437,5,3179,0.9899396378269618,0.9899396378269618,0.01006036217303823,0.972693302673182,0.01724633515377982,,,-0.007459039954009816,ok,
CLEF_CD012164,a1,61,61,1.0,0.9482758620689655,0,3,0.9508196721311475,1.0,0.04918032786885246,0.04918032786885246,0.9016393442622951,0.769672131147541,,0.8844262295081967,ok,
CLEF_CD012164,a11_rule_exclude,61,61,1.0,0.2413793103448276,0,44,0.2786885245901639,0.2786885245901639,0.7213114754098361,0.04918032786885246,0.22950819672131148,,,0.26147540983606554,ok,
CLEF_CD012164,a13b_coverage_rule,61,61,1.0,0.25862068965517243,0,43,0.29508196721311475,0.29508196721311475,0.7049180327868853,0.04918032786885246,0.2459016393442623,,,0.26147540983606554,ok,
CLEF_CD012164,a14c_difficulty_floor_100,61,61,1.0,0.25862068965517243,0,43,0.29508196721311475,0.29508196721311475,0.7049180327868853,0.04918032786885246,0.2459016393442623,,,0.26147540983606554,ok,
CLEF_CD012164,a9,61,61,0.6666666666666666,0.603448275862069,1,23,0.6557377049180327,0.6557377049180327,0.3442622950819672,0.06557377049180328,0.5901639344262295,,,0.3926229508196721,ok,
CLEF_CD012342,a1,2353,2353,,0.985550361240969,0,34,0.985550361240969,0.9995750106247344,0.014449638759031025,0.0,0.985550361240969,,,,ok,
CLEF_CD012342,a11_rule_exclude,2353,2353,,0.3238419039524012,0,1591,0.3238419039524012,0.3238419039524012,0.6761580960475988,0.0,0.3238419039524012,,,,ok,
CLEF_CD012342,a13b_coverage_rule,2353,2353,,0.3748406289842754,0,1471,0.3748406289842754,0.3748406289842754,0.6251593710157246,0.0,0.3748406289842754,,,,ok,
CLEF_CD012342,a14c_difficulty_floor_100,2353,2353,,0.3748406289842754,0,1471,0.3748406289842754,0.3748406289842754,0.6251593710157246,0.0,0.3748406289842754,,,,ok,
CLEF_CD012342,a9,2353,2353,,0.19804504887377816,0,1887,0.20186995325116872,0.20186995325116872,0.7981300467488313,0.003824904377390565,0.19804504887377816,,,,ok,
CLEF_CD012455,a1,1593,1593,0.6,0.9955919395465995,2,7,0.9956057752667922,0.9993722536095417,0.004394224733207784,0.0018832391713747645,0.9937225360954175,0.9405838041431261,,0.9437225360954175,ok,
CLEF_CD012455,a11_rule_exclude,1593,1593,1.0,0.07997481108312343,0,1461,0.08223477715003139,0.08223477715003139,0.9177652228499686,0.0025109855618330196,0.07972379158819837,,,-0.03305084745762717,ok,
CLEF_CD012455,a13b_coverage_rule,1593,1593,1.0,0.08312342569269521,0,1456,0.08537350910232266,0.08537350910232266,0.9146264908976773,0.0025109855618330196,0.08286252354048965,,,-0.0311676082862524,ok,
CLEF_CD012455,a14c_difficulty_floor_100,1593,1593,1.0,0.08312342569269521,0,1456,0.08537350910232266,0.08537350910232266,0.9146264908976773,0.0025109855618330196,0.08286252354048965,,,-0.0311676082862524,ok,
CLEF_CD012455,a9,1593,1593,0.4,0.21788413098236775,3,1242,0.22096672944130571,0.22096672944130571,0.7790332705586943,0.0018832391713747645,0.21908349026993096,,,0.32288135593220335,ok,
CLEF_CD012551,a1,591,591,0.7931034482758621,0.9217081850533808,6,44,0.937394247038917,0.9898477157360406,0.06260575296108291,0.050761421319796954,0.8866328257191202,0.7807952622673434,,0.7621827411167512,ok,
CLEF_CD012551,a11_rule_exclude,591,591,1.0,0.01601423487544484,0,553,0.14382402707275804,0.14382402707275804,0.856175972927242,0.12859560067681894,0.015228426395939087,,,-0.016159052453468742,ok,
CLEF_CD012551,a13b_coverage_rule,591,591,1.0,0.019572953736654804,0,551,0.12859560067681894,0.12859560067681894,0.871404399323181,0.10998307952622674,0.018612521150592216,,,-0.014467005076142174,ok,
CLEF_CD012551,a14c_difficulty_floor_100,591,591,1.0,0.019572953736654804,0,551,0.12859560067681894,0.12859560067681894,0.871404399323181,0.10998307952622674,0.018612521150592216,,,-0.014467005076142174,ok,
CLEF_CD012551,a9,591,591,0.6896551724137931,0.2313167259786477,9,432,0.6785109983079526,0.6785109983079526,0.32148900169204736,0.4433164128595601,0.23519458544839256,,,0.22072758037225038,ok,
Cohen_ACEInhibitors,a1,2544,2544,0.975609756097561,0.687175389532561,1,783,0.7712264150943396,0.9198113207547169,0.22877358490566038,0.09473270440251573,0.6764937106918238,0.7550314465408805,,0.7251572327044025,ok,
Cohen_ACEInhibitors,a11_rule_exclude,2544,2544,1.0,0.040351578106272476,0,2402,0.24528301886792453,0.24528301886792453,0.7547169811320755,0.2055817610062893,0.03970125786163522,,,0.7428459119496855,ok,
Cohen_ACEInhibitors,a13b_coverage_rule,2544,2544,1.0,0.05153815421494207,0,2374,0.2751572327044025,0.2751572327044025,0.7248427672955975,0.2244496855345912,0.05070754716981132,,,0.7098270440251572,ok,
Cohen_ACEInhibitors,a14c_difficulty_floor_100,2544,2544,1.0,0.05153815421494207,0,2374,0.2751572327044025,0.2751572327044025,0.7248427672955975,0.2244496855345912,0.05070754716981132,,,0.7098270440251572,ok,
Cohen_ACEInhibitors,a9,2544,2544,0.9512195121951219,0.5185777067518977,2,1205,0.7405660377358491,0.7279874213836478,0.25943396226415094,0.22955974842767296,0.5110062893081762,,,0.7216194968553459,ok,
Cohen_ADHD,a1,851,851,1.0,0.8712394705174489,0,107,0.9294947121034077,0.9788484136310224,0.07050528789659224,0.07873090481786134,0.8507638072855465,0.8512925969447708,,0.8571680376028201,ok,
Cohen_ADHD,a11_rule_exclude,851,851,1.0,0.5102286401925391,0,407,0.6263219741480611,0.6263219741480611,0.3736780258519389,0.12808460634547592,0.4982373678025852,0.8536427732079905,0.8559929494712103,0.8559929494712103,ok,
Cohen_ADHD,a13b_coverage_rule,851,851,1.0,0.5246690734055355,0,395,0.6404230317273796,0.6404230317273796,0.3595769682726204,0.12808460634547592,0.5123384253819037,0.8536427732079905,0.8571680376028201,0.8571680376028201,ok,
Cohen_ADHD,a14c_difficulty_floor_100,851,851,1.0,0.5246690734055355,0,395,0.6404230317273796,0.6404230317273796,0.3595769682726204,0.12808460634547592,0.5123384253819037,0.8536427732079905,0.8571680376028201,0.8571680376028201,ok,
Cohen_ADHD,a9,851,851,1.0,0.18892900120336945,0,674,0.3102232667450059,0.30434782608695654,0.6897767332549941,0.12573443008225618,0.1844888366627497,0.8512925969447708,0.8430669800235017,0.8430669800235017,ok,
Cohen_Antihistamines,a1,310,310,0.6875,0.6122448979591837,5,114,0.7645161290322581,0.9387096774193548,0.23548387096774193,0.16774193548387098,0.5967741935483871,0.2919354838709677,,0.1983870967741935,ok,
Cohen_Antihistamines,a11_rule_exclude,310,310,1.0,0.11564625850340136,0,260,0.3870967741935484,0.3870967741935484,0.6129032258064516,0.27741935483870966,0.10967741935483871,0.21451612903225803,0.027419354838709636,0.027419354838709636,ok,
Cohen_Antihistamines,a13b_coverage_rule,310,310,1.0,0.13945578231292516,0,253,0.34838709677419355,0.34838709677419355,0.6516129032258065,0.2161290322580645,0.13225806451612904,0.35645161290322575,0.07903225806451608,0.07903225806451608,ok,
Cohen_Antihistamines,a14c_difficulty_floor_100,310,310,1.0,0.13945578231292516,0,253,0.34838709677419355,0.34838709677419355,0.6516129032258065,0.2161290322580645,0.13225806451612904,0.35645161290322575,0.07903225806451608,0.07903225806451608,ok,
Cohen_Antihistamines,a9,310,310,0.5625,0.48639455782312924,7,151,0.7645161290322581,0.7129032258064516,0.23548387096774193,0.2806451612903226,0.4838709677419355,0.1951612903225806,-0.011290322580645204,-0.011290322580645204,ok,
Cohen_AtypicalAntipsychotics,a1,1120,1120,0.6506849315068494,0.6396303901437371,51,351,0.7446428571428572,0.9383928571428571,0.25535714285714284,0.14285714285714285,0.6017857142857143,0.22946428571428568,,0.11696428571428566,ok,
Cohen_AtypicalAntipsychotics,a11_rule_exclude,1120,1120,1.0,0.0,0,974,0.3410714285714286,0.3410714285714286,0.6589285714285714,0.3410714285714286,0.0,0.18928571428571425,-0.0053571428571429006,-0.0053571428571429006,ok,
Cohen_AtypicalAntipsychotics,a13b_coverage_rule,1120,1120,1.0,0.0,0,974,0.3410714285714286,0.3410714285714286,0.6589285714285714,0.3410714285714286,0.0,0.18928571428571425,-0.0053571428571429006,-0.0053571428571429006,ok,
Cohen_AtypicalAntipsychotics,a14c_difficulty_floor_100,1120,1120,1.0,0.0,0,974,0.3410714285714286,0.3410714285714286,0.6589285714285714,0.3410714285714286,0.0,0.18928571428571425,-0.0053571428571429006,-0.0053571428571429006,ok,
Cohen_AtypicalAntipsychotics,a9,1120,1120,0.3835616438356164,0.553388090349076,90,435,0.7223214285714286,0.58125,0.27767857142857144,0.16071428571428573,0.5616071428571429,0.19910714285714282,0.013392857142857095,0.013392857142857095,ok,
Cohen_BetaBlockers,a1,2072,2072,0.8809523809523809,0.6669950738916256,5,676,0.762065637065637,0.9333976833976834,0.23793436293436293,0.10617760617760617,0.6558880308880309,0.4833011583011583,,0.5151544401544401,ok,
Cohen_BetaBlockers,a11_rule_exclude,2072,2072,0.9761904761904762,0.03300492610837438,1,1963,0.23503861003861004,0.23503861003861004,0.76496138996139,0.20222007722007723,0.032818532818532815,,,0.407046332046332,ok,
Cohen_BetaBlockers,a13b_coverage_rule,2072,2072,0.9761904761904762,0.04285714285714286,1,1943,0.2446911196911197,0.2446911196911197,0.7553088803088803,0.20222007722007723,0.04247104247104247,,,0.407046332046332,ok,
Cohen_BetaBlockers,a14c_difficulty_floor_100,2072,2072,0.9761904761904762,0.04285714285714286,1,1943,0.2446911196911197,0.2446911196911197,0.7553088803088803,0.20222007722007723,0.04247104247104247,,,0.407046332046332,ok,
Cohen_BetaBlockers,a9,2072,2072,0.7380952380952381,0.6334975369458128,11,744,0.7451737451737451,0.7451737451737451,0.2548262548262548,0.1192084942084942,0.625965250965251,,,0.042664092664092615,ok,
Cohen_CalciumChannelBlockers,a1,1218,1218,0.91,0.46153846153846156,9,602,0.7495894909688013,0.8825944170771757,0.2504105090311987,0.3185550082101806,0.43103448275862066,0.2701970443349753,,0.24556650246305417,ok,
Cohen_CalciumChannelBlockers,a11_rule_exclude,1218,1218,1.0,0.006261180679785331,0,1111,0.506568144499179,0.506568144499179,0.493431855500821,0.5008210180623974,0.005747126436781609,,,-0.017980295566502505,ok,
Cohen_CalciumChannelBlockers,a13b_coverage_rule,1218,1218,1.0,0.008050089445438283,0,1109,0.5697865353037767,0.5697865353037767,0.4302134646962233,0.5623973727422004,0.007389162561576354,,,8.210180623969415e-05,ok,
Cohen_CalciumChannelBlockers,a14c_difficulty_floor_100,1218,1218,1.0,0.008050089445438283,0,1109,0.5697865353037767,0.5697865353037767,0.4302134646962233,0.5623973727422004,0.007389162561576354,,,8.210180623969415e-05,ok,
Cohen_CalciumChannelBlockers,a9,1218,1218,0.49,0.4221824686940966,51,646,0.8292282430213465,0.8251231527093597,0.17077175697865354,0.39983579638752054,0.4293924466338259,,,0.2398193760262725,ok,
Cohen_Estrogens,a1,368,368,0.8625,0.6493055555555556,11,101,0.7934782608695652,0.9211956521739131,0.20652173913043478,0.2554347826086957,0.5380434782608695,0.4119565217391304,,0.3168478260869565,ok,
Cohen_Estrogens,a11_rule_exclude,368,368,1.0,0.1597222222222222,0,242,0.48641304347826086,0.48641304347826086,0.5135869565217391,0.36141304347826086,0.125,,,0.2652173913043478,ok,
Cohen_Estrogens,a13b_coverage_rule,368,368,1.0,0.16666666666666666,0,240,0.49184782608695654,0.49184782608695654,0.5081521739130435,0.36141304347826086,0.13043478260869565,,,0.2652173913043478,ok,
Cohen_Estrogens,a14c_difficulty_floor_100,368,368,1.0,0.16666666666666666,0,240,0.49184782608695654,0.49184782608695654,0.5081521739130435,0.36141304347826086,0.13043478260869565,,,0.2652173913043478,ok,
Cohen_Estrogens,a9,368,368,0.7375,0.4756944444444444,21,151,0.7282608695652174,0.7255434782608695,0.2717391304347826,0.29891304347826086,0.42934782608695654,,,0.08858695652173909,ok,
Cohen_NSAIDS,a1,393,393,0.8780487804878049,0.8011363636363636,5,70,0.8473282442748091,0.9618320610687023,0.15267175572519084,0.11704834605597965,0.7302798982188295,0.42582697201017805,,0.5606870229007633,ok,
Cohen_NSAIDS,a11_rule_exclude,393,393,1.0,0.017045454545454544,0,346,0.19083969465648856,0.19083969465648856,0.8091603053435115,0.17557251908396945,0.015267175572519083,0.23498727735368952,0.16374045801526713,0.16374045801526713,ok,
Cohen_NSAIDS,a13b_coverage_rule,393,393,1.0,0.019886363636363636,0,345,0.19338422391857507,0.19338422391857507,0.806615776081425,0.17557251908396945,0.017811704834605598,0.23498727735368952,0.16374045801526713,0.16374045801526713,ok,
Cohen_NSAIDS,a14c_difficulty_floor_100,393,393,1.0,0.019886363636363636,0,345,0.19338422391857507,0.19338422391857507,0.806615776081425,0.17557251908396945,0.017811704834605598,0.23498727735368952,0.16374045801526713,0.16374045801526713,ok,
Cohen_NSAIDS,a9,393,393,0.926829268292683,0.6079545454545454,3,138,0.806615776081425,0.806615776081425,0.19338422391857507,0.2544529262086514,0.5521628498727735,0.21972010178117046,0.44109414758269716,0.44109414758269716,ok,
Cohen_Opiods,a1,1915,1915,0.8,0.9505263157894737,3,94,0.954046997389034,0.9895561357702349,0.045953002610966055,0.009399477806788513,0.9446475195822455,0.6560052219321149,,0.6654046997389034,ok,
Cohen_Opiods,a11_rule_exclude,1915,1915,1.0,0.04631578947368421,0,1812,0.059007832898172324,0.059007832898172324,0.9409921671018276,0.013054830287206266,0.045953002610966055,0.45652741514360307,0.3614882506527415,0.3614882506527415,ok,
Cohen_Opiods,a13b_coverage_rule,1915,1915,1.0,0.04842105263157895,0,1808,0.06109660574412533,0.06109660574412533,0.9389033942558747,0.013054830287206266,0.04804177545691906,0.48368146214099217,0.4481723237597911,0.4481723237597911,ok,
Cohen_Opiods,a14c_difficulty_floor_100,1915,1915,1.0,0.04842105263157895,0,1808,0.06109660574412533,0.06109660574412533,0.9389033942558747,0.013054830287206266,0.04804177545691906,0.48368146214099217,0.4481723237597911,0.4481723237597911,ok,
Cohen_Opiods,a9,1915,1915,0.9333333333333333,0.06473684210526316,1,1777,0.14569190600522194,0.0825065274151436,0.854308093994778,0.08093994778067885,0.06475195822454308,0.47428198433420365,0.18080939947780675,0.18080939947780675,ok,
Cohen_OralHypoglycemics,a1,503,503,0.35294117647058826,0.8637602179836512,88,50,0.8906560636182903,0.9701789264413518,0.10934393638170974,0.08548707753479125,0.805168986083499,0.06530815109343932,,0.05139165009940354,ok,
Cohen_OralHypoglycemics,a11_rule_exclude,503,503,0.9926470588235294,0.043596730245231606,1,351,0.147117296222664,0.147117296222664,0.852882703777336,0.11332007952286283,0.033797216699801194,0.05934393638170969,0.009642147117296176,0.009642147117296176,ok,
Cohen_OralHypoglycemics,a13b_coverage_rule,503,503,0.9926470588235294,0.043596730245231606,1,351,0.14910536779324055,0.14910536779324055,0.8508946322067594,0.11530815109343936,0.033797216699801194,0.05934393638170969,0.0036779324055665544,0.0036779324055665544,ok,
Cohen_OralHypoglycemics,a14c_difficulty_floor_100,503,503,0.9926470588235294,0.043596730245231606,1,351,0.14910536779324055,0.14910536779324055,0.8508946322067594,0.11530815109343936,0.033797216699801194,0.05934393638170969,0.0036779324055665544,0.0036779324055665544,ok,
Cohen_OralHypoglycemics,a9,503,503,0.9632352941176471,0.04087193460490463,5,352,0.9681908548707754,0.9681908548707754,0.03180914512922465,0.9284294234592445,0.039761431411530816,0.0692842942345924,0.017594433399602344,0.017594433399602344,ok,
Cohen_ProtonPumpInhibitors,a1,1333,1333,0.9215686274509803,0.5819032761310452,4,536,0.7471867966991748,0.8859714928732183,0.2528132033008252,0.18454613653413354,0.5626406601650412,0.4361215303825956,,0.48413353338334575,ok,
Cohen_ProtonPumpInhibitors,a11_rule_exclude,1333,1333,1.0,0.00234009360374415,0,1279,0.4508627156789197,0.4508627156789197,0.5491372843210802,0.4486121530382596,0.002250562640660165,,,0.001012753188297029,ok,
Cohen_ProtonPumpInhibitors,a13b_coverage_rule,1333,1333,1.0,0.0390015600624025,0,1232,0.37809452363090773,0.37809452363090773,0.6219054763690923,0.34058514628657166,0.037509377344336084,,,0.05352588147036755,ok,
Cohen_ProtonPumpInhibitors,a14c_difficulty_floor_100,1333,1333,1.0,0.0390015600624025,0,1232,0.37809452363090773,0.37809452363090773,0.6219054763690923,0.34058514628657166,0.037509377344336084,,,0.05352588147036755,ok,
Cohen_ProtonPumpInhibitors,a9,1333,1333,0.6078431372549019,0.62402496099844,20,482,0.7666916729182296,0.7666916729182296,0.23330832708177043,0.15153788447111777,0.6151537884471118,,,0.2013128282070517,ok,
Cohen_SkeletalMuscleRelaxants,a1,1643,1643,0.4444444444444444,0.9339045287637698,5,108,0.9397443700547778,0.9902617163724894,0.060255629945222156,0.007912355447352405,0.9318320146074255,-0.01652465003043218,,-0.03234936092513699,ok,
Cohen_SkeletalMuscleRelaxants,a11_rule_exclude,1643,1643,1.0,0.03671970624235006,0,1574,0.0505173463177115,0.0505173463177115,0.9494826536822885,0.01399878271454656,0.036518563603164945,,,-0.04939135727328063,ok,
Cohen_SkeletalMuscleRelaxants,a13b_coverage_rule,1643,1643,1.0,0.04100367197062423,0,1567,0.05538648813146683,0.05538648813146683,0.9446135118685332,0.014607425441265977,0.04077906269020085,,,-0.04939135727328063,ok,
Cohen_SkeletalMuscleRelaxants,a14c_difficulty_floor_100,1643,1643,1.0,0.04100367197062423,0,1567,0.05538648813146683,0.05538648813146683,0.9446135118685332,0.014607425441265977,0.04077906269020085,,,-0.04939135727328063,ok,
Cohen_SkeletalMuscleRelaxants,a9,1643,1643,1.0,0.05446756425948592,0,1545,0.15642118076688982,0.0931223371880706,0.8435788192331102,0.10225197808886184,0.054169202678027994,,,-0.04939135727328063,ok,
Cohen_Statins,a1,3463,3463,0.8235294117647058,0.6666666666666666,15,1126,0.7958417557031475,0.9436904418134565,0.20415824429685245,0.14120704591394745,0.6546347097892001,0.3441669073058042,,0.38026277793820384,ok,
Cohen_Statins,a11_rule_exclude,3463,3463,1.0,0.0020722320899940793,0,3371,0.3817499278082587,0.3817499278082587,0.6182500721917412,0.37972855905284436,0.0020213687554143807,,,0.22317354894600056,ok,
Cohen_Statins,a13b_coverage_rule,3463,3463,1.0,0.002368265245707519,0,3370,0.3534507652324574,0.3534507652324574,0.6465492347675426,0.3511406295119838,0.002310135720473578,,,0.27226393300606405,ok,
Cohen_Statins,a14c_difficulty_floor_100,3463,3463,1.0,0.002368265245707519,0,3370,0.3534507652324574,0.3534507652324574,0.6465492347675426,0.3511406295119838,0.002310135720473578,,,0.27226393300606405,ok,
Cohen_Statins,a9,3463,3463,0.7529411764705882,0.41711071640023684,21,1969,0.6993935893733757,0.6991048224083165,0.3006064106266243,0.28645682933872363,0.412936760034652,,,-0.0003320820098181229,ok,
Cohen_Triptans,a1,671,671,0.9583333333333334,0.5950540958268934,1,262,0.8032786885245902,0.9284649776453056,0.19672131147540983,0.22801788375558868,0.5752608047690015,0.5491058122205663,,0.6012667660208644,ok,
Cohen_Triptans,a11_rule_exclude,671,671,1.0,0.08964451313755796,0,589,0.3323397913561848,0.3323397913561848,0.6676602086438153,0.2459016393442623,0.08643815201192251,0.4090163934426229,0.07667660208643812,0.07667660208643812,ok,
Cohen_Triptans,a13b_coverage_rule,671,671,1.0,0.07727975270479134,0,597,0.30998509687034276,0.30998509687034276,0.6900149031296572,0.23546944858420268,0.07451564828614009,0.468628912071535,0.09605067064083453,0.09605067064083453,ok,
Cohen_Triptans,a14c_difficulty_floor_100,671,671,1.0,0.07727975270479134,0,597,0.30998509687034276,0.30998509687034276,0.6900149031296572,0.23546944858420268,0.07451564828614009,0.468628912071535,0.09605067064083453,0.09605067064083453,ok,
Cohen_Triptans,a9,671,671,0.875,0.42040185471406494,3,375,0.6810730253353204,0.6751117734724292,0.31892697466467956,0.27123695976154993,0.4098360655737705,0.4045454545454545,0.0632637853949329,0.0632637853949329,ok,
Cohen_UrinaryIncontinence,a1,327,327,0.725,0.7804878048780488,11,63,0.8409785932721713,0.9510703363914373,0.15902140672782875,0.12232415902140673,0.7186544342507645,0.17018348623853208,,0.3383792048929663,ok,
Cohen_UrinaryIncontinence,a11_rule_exclude,327,327,1.0,0.0,0,287,0.2324159021406728,0.2324159021406728,0.7675840978593272,0.2324159021406728,0.0,0.27110091743119263,0.04785932721712534,0.04785932721712534,ok,
Cohen_UrinaryIncontinence,a13b_coverage_rule,327,327,1.0,0.0,0,287,0.2324159021406728,0.2324159021406728,0.7675840978593272,0.2324159021406728,0.0,0.27110091743119263,0.04785932721712534,0.04785932721712534,ok,
Cohen_UrinaryIncontinence,a14c_difficulty_floor_100,327,327,1.0,0.0,0,287,0.2324159021406728,0.2324159021406728,0.7675840978593272,0.2324159021406728,0.0,0.27110091743119263,0.04785932721712534,0.04785932721712534,ok,
Cohen_UrinaryIncontinence,a9,327,327,0.725,0.3344947735191638,11,191,0.5015290519877675,0.5015290519877675,0.4984709480122324,0.1743119266055046,0.327217125382263,0.2344036697247706,0.008103975535168152,0.008103975535168152,ok,
